Date,Currency
31-Jan-1994,8.7
28-Feb-1994,8.7046
31-Mar-1994,8.701
29-Apr-1994,8.6909
31-May-1994,8.7
30-Jun-1994,8.679
29-Jul-1994,8.679
30-Sep-1994,8.679
31-Oct-1994,8.679
30-Nov-1994,8.679
30-Dec-1994,8.4462
31-Jan-1995,8.4384
28-Feb-1995,8.4311
31-Mar-1995,8.4264
28-Apr-1995,8.4074
31-May-1995,8.746
30-Jun-1995,8.3011
19-Jul-1995,8.3013
28-Jul-1995,8.3005
31-Jul-1995,8.3003
31-Aug-1995,8.3198
29-Sep-1995,8.3185
31-Oct-1995,8.3149
30-Nov-1995,8.3116
29-Dec-1995,8.3195
31-Jan-1996,8.3138
29-Feb-1996,8.32
29-Mar-1996,8.3338
30-Apr-1996,8.3301
31-May-1996,8.3255
28-Jun-1996,8.3221
31-Jul-1996,8.3107
30-Aug-1996,8.3063
30-Sep-1996,8.3017
31-Oct-1996,8.3
29-Nov-1996,8.3012
31-Dec-1996,8.2984
31-Jan-1997,8.2934
28-Feb-1997,8.2954
27-Mar-1997,8.2964
30-Apr-1997,8.2945
30-May-1997,8.2919
30-Jun-1997,8.2907
31-Jul-1997,8.2903
29-Aug-1997,8.2884
30-Sep-1997,8.2849
30-Oct-1997,8.2845
31-Oct-1997,8.2834
28-Nov-1997,8.2796
31-Dec-1997,8.2796
30-Jan-1998,8.2785
17-Feb-1998,8.2798
27-Feb-1998,8.2789
31-Mar-1998,8.2793
30-Apr-1998,8.2779
29-May-1998,8.2793
30-Jun-1998,8.2797
15-Jul-1998,8.2796
20-Jul-1998,8.2797
31-Jul-1998,8.2799
25-Aug-1998,8.2799
31-Aug-1998,8.28
14-Sep-1998,8.279
30-Sep-1998,8.278
20-Oct-1998,8.2778
28-Oct-1998,8.2776
3-Nov-1998,8.2777
6-Nov-1998,8.2777
11-Jan-1999,8.2797
12-Jan-1999,8.2795
13-Jan-1999,8.2794
14-Jan-1999,8.279
15-Jan-1999,8.279
19-Jan-1999,8.2787
20-Jan-1999,8.2791
21-Jan-1999,8.2789
22-Jan-1999,8.2787
25-Jan-1999,8.2784
26-Jan-1999,8.278
27-Jan-1999,8.2778
28-Jan-1999,8.2778
29-Jan-1999,8.2778
1-Feb-1999,8.2775
2-Feb-1999,8.2779
3-Feb-1999,8.2776
4-Feb-1999,8.2774
5-Feb-1999,8.2775
8-Feb-1999,8.2775
9-Feb-1999,8.2774
10-Feb-1999,8.2776
11-Feb-1999,8.2778
12-Feb-1999,8.2784
16-Feb-1999,8.2787
22-Feb-1999,8.2787
23-Feb-1999,8.2788
24-Feb-1999,8.2791
25-Feb-1999,8.2789
26-Feb-1999,8.279
1-Mar-1999,8.2792
2-Mar-1999,8.2789
3-Mar-1999,8.2789
4-Mar-1999,8.2783
5-Mar-1999,8.2784
8-Mar-1999,8.2786
9-Mar-1999,8.2791
10-Mar-1999,8.2788
11-Mar-1999,8.2789
12-Mar-1999,8.2789
15-Mar-1999,8.2789
16-Mar-1999,8.2789
17-Mar-1999,8.2788
18-Mar-1999,8.2788
19-Mar-1999,8.2793
22-Mar-1999,8.2792
23-Mar-1999,8.2795
24-Mar-1999,8.2796
25-Mar-1999,8.2798
26-Mar-1999,8.28
29-Mar-1999,8.2797
30-Mar-1999,8.28
31-Mar-1999,8.28
1-Apr-1999,8.2796
2-Apr-1999,8.2794
5-Apr-1999,8.2795
6-Apr-1999,8.2797
7-Apr-1999,8.2797
8-Apr-1999,8.2799
9-Apr-1999,8.2797
12-Apr-1999,8.2797
13-Apr-1999,8.2797
14-Apr-1999,8.2794
15-Apr-1999,8.2789
16-Apr-1999,8.2787
19-Apr-1999,8.2787
20-Apr-1999,8.2783
21-Apr-1999,8.2783
22-Apr-1999,8.2783
23-Apr-1999,8.2784
26-Apr-1999,8.2793
27-Apr-1999,8.2794
28-Apr-1999,8.2791
29-Apr-1999,8.2794
30-Apr-1999,8.279
3-May-1999,8.279
4-May-1999,8.2789
5-May-1999,8.2789
6-May-1999,8.2786
7-May-1999,8.2783
10-May-1999,8.2787
11-May-1999,8.2782
12-May-1999,8.2783
13-May-1999,8.2778
14-May-1999,8.2784
17-May-1999,8.2785
18-May-1999,8.279
19-May-1999,8.2783
20-May-1999,8.278
21-May-1999,8.278
24-May-1999,8.2785
25-May-1999,8.2789
26-May-1999,8.279
27-May-1999,8.2788
28-May-1999,8.2786
1-Jun-1999,8.2781
2-Jun-1999,8.2787
3-Jun-1999,8.2784
4-Jun-1999,8.2781
7-Jun-1999,8.2781
8-Jun-1999,8.2779
9-Jun-1999,8.2778
10-Jun-1999,8.2777
11-Jun-1999,8.2777
14-Jun-1999,8.2776
15-Jun-1999,8.2781
16-Jun-1999,8.2776
17-Jun-1999,8.2775
18-Jun-1999,8.2774
21-Jun-1999,8.2778
22-Jun-1999,8.2781
23-Jun-1999,8.2784
24-Jun-1999,8.2779
25-Jun-1999,8.2775
28-Jun-1999,8.278
29-Jun-1999,8.2786
30-Jun-1999,8.2787
1-Jul-1999,8.2786
2-Jul-1999,8.2785
6-Jul-1999,8.2782
7-Jul-1999,8.2783
8-Jul-1999,8.2781
9-Jul-1999,8.2777
12-Jul-1999,8.2776
13-Jul-1999,8.2775
14-Jul-1999,8.2778
15-Jul-1999,8.2775
16-Jul-1999,8.2773
19-Jul-1999,8.2773
20-Jul-1999,8.2777
21-Jul-1999,8.2773
22-Jul-1999,8.2773
23-Jul-1999,8.2772
26-Jul-1999,8.277
27-Jul-1999,8.277
28-Jul-1999,8.277
29-Jul-1999,8.2773
30-Jul-1999,8.2774
2-Aug-1999,8.2772
3-Aug-1999,8.2773
4-Aug-1999,8.2774
5-Aug-1999,8.2774
6-Aug-1999,8.2773
9-Aug-1999,8.2774
10-Aug-1999,8.2772
11-Aug-1999,8.2772
12-Aug-1999,8.2771
13-Aug-1999,8.277
16-Aug-1999,8.2774
17-Aug-1999,8.277
18-Aug-1999,8.2772
19-Aug-1999,8.2774
20-Aug-1999,8.2774
23-Aug-1999,8.2772
24-Aug-1999,8.2775
25-Aug-1999,8.2773
26-Aug-1999,8.2773
27-Aug-1999,8.2773
30-Aug-1999,8.2771
31-Aug-1999,8.277
1-Sep-1999,8.2771
2-Sep-1999,8.2773
3-Sep-1999,8.2775
7-Sep-1999,8.2776
8-Sep-1999,8.2776
9-Sep-1999,8.2774
10-Sep-1999,8.2774
13-Sep-1999,8.2772
14-Sep-1999,8.2775
15-Sep-1999,8.2773
16-Sep-1999,8.2771
17-Sep-1999,8.2773
20-Sep-1999,8.2775
21-Sep-1999,8.2775
22-Sep-1999,8.2777
24-Sep-1999,8.2775
27-Sep-1999,8.2775
28-Sep-1999,8.2775
29-Sep-1999,8.2775
30-Sep-1999,8.2778
1-Oct-1999,8.2778
4-Oct-1999,8.2778
5-Oct-1999,8.2778
6-Oct-1999,8.2778
7-Oct-1999,8.2778
8-Oct-1999,8.278
12-Oct-1999,8.2772
13-Oct-1999,8.2777
14-Oct-1999,8.2774
15-Oct-1999,8.2775
18-Oct-1999,8.2774
19-Oct-1999,8.2773
20-Oct-1999,8.2774
21-Oct-1999,8.2772
22-Oct-1999,8.2773
25-Oct-1999,8.277
26-Oct-1999,8.2773
27-Oct-1999,8.2775
28-Oct-1999,8.2776
29-Oct-1999,8.2778
1-Nov-1999,8.2779
2-Nov-1999,8.2781
3-Nov-1999,8.2781
4-Nov-1999,8.278
5-Nov-1999,8.2779
8-Nov-1999,8.2779
9-Nov-1999,8.278
10-Nov-1999,8.2781
11-Nov-1999,8.2782
12-Nov-1999,8.278
15-Nov-1999,8.2781
16-Nov-1999,8.2781
17-Nov-1999,8.2781
18-Nov-1999,8.2784
19-Nov-1999,8.2785
22-Nov-1999,8.2785
23-Nov-1999,8.2784
24-Nov-1999,8.2785
30-Nov-1999,8.2789
1-Dec-1999,8.2789
2-Dec-1999,8.2788
3-Dec-1999,8.2787
6-Dec-1999,8.279
7-Dec-1999,8.279
8-Dec-1999,8.2795
9-Dec-1999,8.2795
10-Dec-1999,8.2795
13-Dec-1999,8.2795
14-Dec-1999,8.2794
15-Dec-1999,8.2794
16-Dec-1999,8.2794
17-Dec-1999,8.2794
20-Dec-1999,8.2794
21-Dec-1999,8.2796
22-Dec-1999,8.2796
23-Dec-1999,8.2795
28-Dec-1999,8.2797
29-Dec-1999,8.2793
30-Dec-1999,8.2795
3-Jan-2000,8.2798
4-Jan-2000,8.2799
5-Jan-2000,8.2798
6-Jan-2000,8.2797
7-Jan-2000,8.2794
10-Jan-2000,8.2794
11-Jan-2000,8.2795
12-Jan-2000,8.2796
13-Jan-2000,8.2798
14-Jan-2000,8.2797
18-Jan-2000,8.2793
19-Jan-2000,8.2797
20-Jan-2000,8.2794
21-Jan-2000,8.2795
24-Jan-2000,8.2789
26-Jan-2000,8.2782
27-Jan-2000,8.2783
28-Jan-2000,8.2781
31-Jan-2000,8.2777
1-Feb-2000,8.2774
2-Feb-2000,8.2773
3-Feb-2000,8.2781
4-Feb-2000,8.2788
7-Feb-2000,8.2788
8-Feb-2000,8.2788
9-Feb-2000,8.2788
10-Feb-2000,8.2788
11-Feb-2000,8.2788
14-Feb-2000,8.2779
15-Feb-2000,8.2777
16-Feb-2000,8.2777
17-Feb-2000,8.2772
18-Feb-2000,8.2772
22-Feb-2000,8.2773
23-Feb-2000,8.278
24-Feb-2000,8.278
25-Feb-2000,8.2786
28-Feb-2000,8.2786
29-Feb-2000,8.2786
1-Mar-2000,8.2786
2-Mar-2000,8.2787
3-Mar-2000,8.2789
6-Mar-2000,8.2785
7-Mar-2000,8.2784
8-Mar-2000,8.2786
9-Mar-2000,8.2787
10-Mar-2000,8.2785
13-Mar-2000,8.2781
14-Mar-2000,8.278
15-Mar-2000,8.2778
16-Mar-2000,8.2777
17-Mar-2000,8.2785
20-Mar-2000,8.2786
21-Mar-2000,8.2783
22-Mar-2000,8.2783
23-Mar-2000,8.2787
24-Mar-2000,8.2789
27-Mar-2000,8.2792
28-Mar-2000,8.2795
29-Mar-2000,8.2789
30-Mar-2000,8.2788
31-Mar-2000,8.2787
3-Apr-2000,8.2786
4-Apr-2000,8.2791
5-Apr-2000,8.2795
6-Apr-2000,8.2795
7-Apr-2000,8.2795
10-Apr-2000,8.2798
11-Apr-2000,8.2791
12-Apr-2000,8.2796
13-Apr-2000,8.2794
14-Apr-2000,8.2794
17-Apr-2000,8.2794
18-Apr-2000,8.279
19-Apr-2000,8.2793
20-Apr-2000,8.2791
21-Apr-2000,8.2785
24-Apr-2000,8.2786
25-Apr-2000,8.2791
26-Apr-2000,8.2795
27-Apr-2000,8.2798
28-Apr-2000,8.2799
1-May-2000,8.2799
2-May-2000,8.2799
3-May-2000,8.2799
4-May-2000,8.2799
5-May-2000,8.2799
8-May-2000,8.2798
9-May-2000,8.279
10-May-2000,8.2785
11-May-2000,8.2782
12-May-2000,8.2778
15-May-2000,8.2777
16-May-2000,8.2772
17-May-2000,8.2768
18-May-2000,8.2773
19-May-2000,8.2768
22-May-2000,8.277
23-May-2000,8.2768
24-May-2000,8.2769
25-May-2000,8.2773
26-May-2000,8.2771
30-May-2000,8.2772
31-May-2000,8.2773
1-Jun-2000,8.2771
2-Jun-2000,8.2771
5-Jun-2000,8.277
6-Jun-2000,8.2773
7-Jun-2000,8.2773
8-Jun-2000,8.2775
9-Jun-2000,8.2772
12-Jun-2000,8.2771
13-Jun-2000,8.277
14-Jun-2000,8.2768
15-Jun-2000,8.2768
16-Jun-2000,8.2768
19-Jun-2000,8.2768
20-Jun-2000,8.277
21-Jun-2000,8.2772
22-Jun-2000,8.2771
23-Jun-2000,8.2769
26-Jun-2000,8.2773
27-Jun-2000,8.2774
28-Jun-2000,8.2775
29-Jun-2000,8.278
30-Jun-2000,8.2782
5-Jul-2000,8.2787
6-Jul-2000,8.2791
7-Jul-2000,8.2793
10-Jul-2000,8.2795
11-Jul-2000,8.2794
12-Jul-2000,8.2795
13-Jul-2000,8.2791
14-Jul-2000,8.2796
17-Jul-2000,8.2791
18-Jul-2000,8.2796
19-Jul-2000,8.2796
20-Jul-2000,8.2796
21-Jul-2000,8.2795
24-Jul-2000,8.2798
25-Jul-2000,8.2797
26-Jul-2000,8.2796
27-Jul-2000,8.2793
28-Jul-2000,8.2794
31-Jul-2000,8.2792
1-Aug-2000,8.2788
2-Aug-2000,8.2791
3-Aug-2000,8.2796
4-Aug-2000,8.2798
7-Aug-2000,8.2799
8-Aug-2000,8.2799
9-Aug-2000,8.2798
10-Aug-2000,8.2799
11-Aug-2000,8.2796
14-Aug-2000,8.2795
15-Aug-2000,8.2788
16-Aug-2000,8.2797
17-Aug-2000,8.2799
18-Aug-2000,8.2797
21-Aug-2000,8.2799
22-Aug-2000,8.2799
23-Aug-2000,8.2793
24-Aug-2000,8.2799
25-Aug-2000,8.2799
28-Aug-2000,8.2799
29-Aug-2000,8.2799
30-Aug-2000,8.2788
31-Aug-2000,8.2786
1-Sep-2000,8.2787
5-Sep-2000,8.279
6-Sep-2000,8.2794
7-Sep-2000,8.279
8-Sep-2000,8.2794
11-Sep-2000,8.2786
12-Sep-2000,8.2787
13-Sep-2000,8.2777
14-Sep-2000,8.2773
15-Sep-2000,8.2771
18-Sep-2000,8.2772
19-Sep-2000,8.2779
20-Sep-2000,8.2775
21-Sep-2000,8.2778
22-Sep-2000,8.2787
25-Sep-2000,8.2793
26-Sep-2000,8.2791
27-Sep-2000,8.2795
28-Sep-2000,8.2799
29-Sep-2000,8.2798
2-Oct-2000,8.279
3-Oct-2000,8.279
4-Oct-2000,8.279
5-Oct-2000,8.279
6-Oct-2000,8.279
10-Oct-2000,8.2789
11-Oct-2000,8.2786
12-Oct-2000,8.2786
13-Oct-2000,8.2784
16-Oct-2000,8.2781
17-Oct-2000,8.2784
18-Oct-2000,8.2781
19-Oct-2000,8.278
20-Oct-2000,8.2778
23-Oct-2000,8.2784
24-Oct-2000,8.2784
25-Oct-2000,8.2782
26-Oct-2000,8.2785
27-Oct-2000,8.2788
30-Oct-2000,8.278
31-Oct-2000,8.2775
1-Nov-2000,8.2773
2-Nov-2000,8.277
3-Nov-2000,8.2768
6-Nov-2000,8.2771
7-Nov-2000,8.2769
8-Nov-2000,8.2772
9-Nov-2000,8.2768
10-Nov-2000,8.2772
13-Nov-2000,8.2768
14-Nov-2000,8.2773
15-Nov-2000,8.2768
16-Nov-2000,8.2773
17-Nov-2000,8.2769
20-Nov-2000,8.2779
21-Nov-2000,8.2786
22-Nov-2000,8.2782
27-Nov-2000,8.278
28-Nov-2000,8.2777
29-Nov-2000,8.2774
30-Nov-2000,8.2777
1-Dec-2000,8.2775
4-Dec-2000,8.2771
5-Dec-2000,8.277
6-Dec-2000,8.277
7-Dec-2000,8.277
8-Dec-2000,8.2769
11-Dec-2000,8.2773
12-Dec-2000,8.2771
13-Dec-2000,8.277
14-Dec-2000,8.2768
15-Dec-2000,8.2768
18-Dec-2000,8.2774
19-Dec-2000,8.2772
20-Dec-2000,8.2769
21-Dec-2000,8.2768
22-Dec-2000,8.2777
26-Dec-2000,8.2769
27-Dec-2000,8.277
28-Dec-2000,8.2781
29-Dec-2000,8.2774
2-Jan-2001,8.2779
3-Jan-2001,8.2773
4-Jan-2001,8.2781
5-Jan-2001,8.2775
8-Jan-2001,8.2778
9-Jan-2001,8.2771
10-Jan-2001,8.2769
11-Jan-2001,8.2767
12-Jan-2001,8.2768
16-Jan-2001,8.2766
17-Jan-2001,8.2764
18-Jan-2001,8.2764
19-Jan-2001,8.2764
22-Jan-2001,8.2782
23-Jan-2001,8.2786
24-Jan-2001,8.2786
25-Jan-2001,8.2786
26-Jan-2001,8.2786
29-Jan-2001,8.2786
30-Jan-2001,8.2786
31-Jan-2001,8.2781
1-Feb-2001,8.2772
2-Feb-2001,8.2774
5-Feb-2001,8.277
6-Feb-2001,8.2766
7-Feb-2001,8.2765
8-Feb-2001,8.2763
9-Feb-2001,8.2764
12-Feb-2001,8.2774
13-Feb-2001,8.2765
14-Feb-2001,8.2764
15-Feb-2001,8.2772
16-Feb-2001,8.277
20-Feb-2001,8.2767
21-Feb-2001,8.2772
22-Feb-2001,8.2769
23-Feb-2001,8.2774
26-Feb-2001,8.2776
27-Feb-2001,8.2781
28-Feb-2001,8.2783
1-Mar-2001,8.2778
2-Mar-2001,8.2782
5-Mar-2001,8.2777
6-Mar-2001,8.2778
7-Mar-2001,8.2773
8-Mar-2001,8.277
9-Mar-2001,8.2774
12-Mar-2001,8.2784
13-Mar-2001,8.2783
14-Mar-2001,8.2778
15-Mar-2001,8.2776
16-Mar-2001,8.2771
19-Mar-2001,8.2772
20-Mar-2001,8.2772
21-Mar-2001,8.2771
22-Mar-2001,8.2768
23-Mar-2001,8.2773
26-Mar-2001,8.2771
27-Mar-2001,8.2773
28-Mar-2001,8.2777
29-Mar-2001,8.2779
30-Mar-2001,8.2777
2-Apr-2001,8.2776
3-Apr-2001,8.2772
4-Apr-2001,8.2771
5-Apr-2001,8.2768
6-Apr-2001,8.2767
9-Apr-2001,8.277
10-Apr-2001,8.2769
11-Apr-2001,8.2769
12-Apr-2001,8.2772
13-Apr-2001,8.2769
16-Apr-2001,8.2769
17-Apr-2001,8.2775
18-Apr-2001,8.2775
19-Apr-2001,8.2773
20-Apr-2001,8.2775
23-Apr-2001,8.277
24-Apr-2001,8.2769
25-Apr-2001,8.2767
26-Apr-2001,8.2769
27-Apr-2001,8.2773
30-Apr-2001,8.2773
1-May-2001,8.2774
2-May-2001,8.2774
3-May-2001,8.2774
4-May-2001,8.2774
7-May-2001,8.2774
8-May-2001,8.2785
9-May-2001,8.2775
10-May-2001,8.2771
11-May-2001,8.2771
14-May-2001,8.2771
15-May-2001,8.2769
16-May-2001,8.2769
17-May-2001,8.2767
18-May-2001,8.2768
21-May-2001,8.2778
22-May-2001,8.2774
23-May-2001,8.2771
24-May-2001,8.277
25-May-2001,8.2771
29-May-2001,8.2768
30-May-2001,8.2777
31-May-2001,8.277
1-Jun-2001,8.2777
4-Jun-2001,8.277
5-Jun-2001,8.2769
6-Jun-2001,8.2772
7-Jun-2001,8.2767
8-Jun-2001,8.2767
11-Jun-2001,8.2767
12-Jun-2001,8.2771
13-Jun-2001,8.2779
14-Jun-2001,8.2773
15-Jun-2001,8.277
18-Jun-2001,8.277
19-Jun-2001,8.2779
20-Jun-2001,8.277
21-Jun-2001,8.2769
22-Jun-2001,8.2767
25-Jun-2001,8.2768
26-Jun-2001,8.2768
27-Jun-2001,8.2768
28-Jun-2001,8.277
29-Jun-2001,8.2767
2-Jul-2001,8.277
3-Jul-2001,8.2767
5-Jul-2001,8.2767
6-Jul-2001,8.2768
9-Jul-2001,8.2767
10-Jul-2001,8.277
11-Jul-2001,8.2769
12-Jul-2001,8.2769
13-Jul-2001,8.2767
16-Jul-2001,8.2767
17-Jul-2001,8.2769
18-Jul-2001,8.277
19-Jul-2001,8.2768
20-Jul-2001,8.2768
23-Jul-2001,8.277
24-Jul-2001,8.2773
25-Jul-2001,8.277
26-Jul-2001,8.2771
27-Jul-2001,8.277
30-Jul-2001,8.2767
31-Jul-2001,8.277
1-Aug-2001,8.2769
2-Aug-2001,8.2768
3-Aug-2001,8.2768
6-Aug-2001,8.277
7-Aug-2001,8.2772
8-Aug-2001,8.2773
9-Aug-2001,8.2773
10-Aug-2001,8.2768
13-Aug-2001,8.2771
14-Aug-2001,8.2773
15-Aug-2001,8.2771
16-Aug-2001,8.277
17-Aug-2001,8.2768
20-Aug-2001,8.2768
21-Aug-2001,8.2768
22-Aug-2001,8.2769
23-Aug-2001,8.2768
24-Aug-2001,8.2773
27-Aug-2001,8.277
28-Aug-2001,8.2768
29-Aug-2001,8.2769
30-Aug-2001,8.2767
31-Aug-2001,8.2769
4-Sep-2001,8.2768
5-Sep-2001,8.277
6-Sep-2001,8.2768
7-Sep-2001,8.2767
10-Sep-2001,8.2767
11-Sep-2001,8.2769
12-Sep-2001,8.2769
13-Sep-2001,8.2768
14-Sep-2001,8.2766
17-Sep-2001,8.2767
18-Sep-2001,8.2768
19-Sep-2001,8.2766
20-Sep-2001,8.2766
21-Sep-2001,8.2767
24-Sep-2001,8.277
25-Sep-2001,8.2772
26-Sep-2001,8.2769
27-Sep-2001,8.2769
28-Sep-2001,8.2768
1-Oct-2001,8.2768
2-Oct-2001,8.2768
3-Oct-2001,8.2768
4-Oct-2001,8.2768
5-Oct-2001,8.2768
9-Oct-2001,8.2769
10-Oct-2001,8.2768
11-Oct-2001,8.2766
12-Oct-2001,8.2765
15-Oct-2001,8.2766
16-Oct-2001,8.2767
17-Oct-2001,8.2769
18-Oct-2001,8.277
19-Oct-2001,8.2768
22-Oct-2001,8.277
23-Oct-2001,8.2768
24-Oct-2001,8.2767
25-Oct-2001,8.2769
26-Oct-2001,8.277
29-Oct-2001,8.277
30-Oct-2001,8.2768
31-Oct-2001,8.2768
1-Nov-2001,8.2769
2-Nov-2001,8.2769
5-Nov-2001,8.2768
6-Nov-2001,8.2767
7-Nov-2001,8.2766
8-Nov-2001,8.2766
9-Nov-2001,8.2766
12-Nov-2001,8.2765
13-Nov-2001,8.2765
14-Nov-2001,8.2767
15-Nov-2001,8.277
16-Nov-2001,8.2771
19-Nov-2001,8.277
20-Nov-2001,8.2769
21-Nov-2001,8.2769
26-Nov-2001,8.277
27-Nov-2001,8.277
28-Nov-2001,8.2772
29-Nov-2001,8.2774
30-Nov-2001,8.2772
3-Dec-2001,8.277
4-Dec-2001,8.2771
5-Dec-2001,8.2772
6-Dec-2001,8.2773
7-Dec-2001,8.2772
10-Dec-2001,8.277
11-Dec-2001,8.2768
12-Dec-2001,8.2768
13-Dec-2001,8.2767
14-Dec-2001,8.2768
17-Dec-2001,8.2769
18-Dec-2001,8.2768
19-Dec-2001,8.2767
20-Dec-2001,8.2766
21-Dec-2001,8.2767
26-Dec-2001,8.2766
27-Dec-2001,8.2767
28-Dec-2001,8.2768
2-Jan-2002,8.2766
3-Jan-2002,8.2766
4-Jan-2002,8.2768
7-Jan-2002,8.2767
8-Jan-2002,8.2766
9-Jan-2002,8.2767
10-Jan-2002,8.2766
11-Jan-2002,8.2768
14-Jan-2002,8.2767
15-Jan-2002,8.2768
16-Jan-2002,8.2767
17-Jan-2002,8.2768
18-Jan-2002,8.2767
21-Jan-2002,8.2768
22-Jan-2002,8.2767
23-Jan-2002,8.2765
24-Jan-2002,8.2767
25-Jan-2002,8.2765
28-Jan-2002,8.2767
29-Jan-2002,8.2766
30-Jan-2002,8.2765
31-Jan-2002,8.2765
1-Feb-2002,8.2766
4-Feb-2002,8.2766
5-Feb-2002,8.2765
6-Feb-2002,8.2767
7-Feb-2002,8.2766
8-Feb-2002,8.2767
11-Feb-2002,8.2768
13-Feb-2002,8.2768
14-Feb-2002,8.2768
15-Feb-2002,8.2768
19-Feb-2002,8.277
20-Feb-2002,8.2768
21-Feb-2002,8.2766
22-Feb-2002,8.2765
25-Feb-2002,8.2765
26-Feb-2002,8.2767
27-Feb-2002,8.2766
28-Feb-2002,8.2765
1-Mar-2002,8.2766
4-Mar-2002,8.2767
5-Mar-2002,8.2765
6-Mar-2002,8.2766
7-Mar-2002,8.2771
8-Mar-2002,8.2771
11-Mar-2002,8.2769
12-Mar-2002,8.2767
13-Mar-2002,8.2771
14-Mar-2002,8.2774
15-Mar-2002,8.2775
18-Mar-2002,8.2773
19-Mar-2002,8.2775
20-Mar-2002,8.2774
21-Mar-2002,8.2772
22-Mar-2002,8.277
25-Mar-2002,8.2769
26-Mar-2002,8.2771
27-Mar-2002,8.2772
28-Mar-2002,8.2774
29-Mar-2002,8.2774
1-Apr-2002,8.2772
2-Apr-2002,8.2772
3-Apr-2002,8.2773
4-Apr-2002,8.2771
5-Apr-2002,8.277
8-Apr-2002,8.277
9-Apr-2002,8.2769
10-Apr-2002,8.2771
11-Apr-2002,8.2771
12-Apr-2002,8.2772
15-Apr-2002,8.2771
16-Apr-2002,8.2772
17-Apr-2002,8.2772
18-Apr-2002,8.2772
19-Apr-2002,8.2775
22-Apr-2002,8.2772
23-Apr-2002,8.2773
24-Apr-2002,8.2774
25-Apr-2002,8.2774
26-Apr-2002,8.2773
29-Apr-2002,8.2771
30-Apr-2002,8.2773
1-May-2002,8.2773
2-May-2002,8.2773
3-May-2002,8.2773
6-May-2002,8.2773
7-May-2002,8.2773
8-May-2002,8.2773
9-May-2002,8.2772
10-May-2002,8.2771
13-May-2002,8.2771
14-May-2002,8.277
15-May-2002,8.2769
16-May-2002,8.2768
17-May-2002,8.2768
20-May-2002,8.2768
21-May-2002,8.2769
22-May-2002,8.277
23-May-2002,8.277
24-May-2002,8.2771
28-May-2002,8.2766
29-May-2002,8.2766
30-May-2002,8.2766
31-May-2002,8.2765
3-Jun-2002,8.2767
4-Jun-2002,8.2768
5-Jun-2002,8.2769
6-Jun-2002,8.277
7-Jun-2002,8.277
10-Jun-2002,8.277
11-Jun-2002,8.2768
12-Jun-2002,8.2769
13-Jun-2002,8.2769
14-Jun-2002,8.2769
17-Jun-2002,8.2773
18-Jun-2002,8.2775
19-Jun-2002,8.2774
20-Jun-2002,8.2772
21-Jun-2002,8.2771
24-Jun-2002,8.277
25-Jun-2002,8.2771
26-Jun-2002,8.2772
27-Jun-2002,8.2771
28-Jun-2002,8.2771
1-Jul-2002,8.277
2-Jul-2002,8.2769
3-Jul-2002,8.2768
5-Jul-2002,8.2766
8-Jul-2002,8.2767
9-Jul-2002,8.2766
10-Jul-2002,8.2766
11-Jul-2002,8.2768
12-Jul-2002,8.2767
15-Jul-2002,8.2768
16-Jul-2002,8.2768
17-Jul-2002,8.2769
18-Jul-2002,8.2768
19-Jul-2002,8.2769
22-Jul-2002,8.277
23-Jul-2002,8.277
24-Jul-2002,8.2769
25-Jul-2002,8.2769
26-Jul-2002,8.2768
29-Jul-2002,8.2767
30-Jul-2002,8.2766
31-Jul-2002,8.2767
1-Aug-2002,8.2766
2-Aug-2002,8.2768
5-Aug-2002,8.2767
6-Aug-2002,8.2768
7-Aug-2002,8.2769
8-Aug-2002,8.2767
9-Aug-2002,8.2766
12-Aug-2002,8.2768
13-Aug-2002,8.2767
14-Aug-2002,8.2766
15-Aug-2002,8.2768
16-Aug-2002,8.2768
19-Aug-2002,8.2767
20-Aug-2002,8.2768
21-Aug-2002,8.2766
22-Aug-2002,8.2766
23-Aug-2002,8.2767
26-Aug-2002,8.2766
27-Aug-2002,8.2767
28-Aug-2002,8.2768
29-Aug-2002,8.2767
30-Aug-2002,8.2768
3-Sep-2002,8.277
4-Sep-2002,8.2771
5-Sep-2002,8.2772
6-Sep-2002,8.277
9-Sep-2002,8.277
10-Sep-2002,8.2769
11-Sep-2002,8.2769
12-Sep-2002,8.2768
13-Sep-2002,8.2768
16-Sep-2002,8.2768
17-Sep-2002,8.2769
18-Sep-2002,8.2769
19-Sep-2002,8.2768
20-Sep-2002,8.277
23-Sep-2002,8.277
24-Sep-2002,8.2769
25-Sep-2002,8.277
26-Sep-2002,8.2771
27-Sep-2002,8.2771
30-Sep-2002,8.2772
1-Oct-2002,8.2772
2-Oct-2002,8.2772
3-Oct-2002,8.2772
4-Oct-2002,8.2772
7-Oct-2002,8.2772
8-Oct-2002,8.2772
9-Oct-2002,8.2771
10-Oct-2002,8.277
11-Oct-2002,8.2769
15-Oct-2002,8.2767
16-Oct-2002,8.2767
17-Oct-2002,8.2768
18-Oct-2002,8.2767
21-Oct-2002,8.2768
22-Oct-2002,8.2768
23-Oct-2002,8.2768
24-Oct-2002,8.277
25-Oct-2002,8.2771
28-Oct-2002,8.2771
29-Oct-2002,8.2772
30-Oct-2002,8.2771
31-Oct-2002,8.2771
1-Nov-2002,8.2771
4-Nov-2002,8.2772
5-Nov-2002,8.277
6-Nov-2002,8.2771
7-Nov-2002,8.2771
8-Nov-2002,8.2772
11-Nov-2002,8.277
12-Nov-2002,8.2771
13-Nov-2002,8.2773
14-Nov-2002,8.2772
15-Nov-2002,8.2773
18-Nov-2002,8.2773
19-Nov-2002,8.2772
20-Nov-2002,8.277
21-Nov-2002,8.277
22-Nov-2002,8.2772
25-Nov-2002,8.2772
26-Nov-2002,8.277
27-Nov-2002,8.2771
2-Dec-2002,8.2772
3-Dec-2002,8.2771
4-Dec-2002,8.2772
5-Dec-2002,8.277
6-Dec-2002,8.2772
9-Dec-2002,8.2773
10-Dec-2002,8.277
11-Dec-2002,8.2772
12-Dec-2002,8.2772
13-Dec-2002,8.277
16-Dec-2002,8.2772
17-Dec-2002,8.2773
18-Dec-2002,8.2773
19-Dec-2002,8.2773
20-Dec-2002,8.2774
23-Dec-2002,8.2775
24-Dec-2002,8.2775
26-Dec-2002,8.2774
27-Dec-2002,8.2772
30-Dec-2002,8.2773
2-Jan-2003,8.277
3-Jan-2003,8.2768
6-Jan-2003,8.2768
7-Jan-2003,8.2767
8-Jan-2003,8.2766
9-Jan-2003,8.2766
10-Jan-2003,8.2766
13-Jan-2003,8.2768
14-Jan-2003,8.2768
15-Jan-2003,8.277
16-Jan-2003,8.277
17-Jan-2003,8.277
21-Jan-2003,8.277
22-Jan-2003,8.277
23-Jan-2003,8.277
24-Jan-2003,8.2768
27-Jan-2003,8.2768
28-Jan-2003,8.2767
29-Jan-2003,8.2767
30-Jan-2003,8.2766
31-Jan-2003,8.2768
3-Feb-2003,8.2768
4-Feb-2003,8.2768
5-Feb-2003,8.2768
6-Feb-2003,8.2768
7-Feb-2003,8.2768
10-Feb-2003,8.2773
11-Feb-2003,8.2775
12-Feb-2003,8.2775
13-Feb-2003,8.2773
14-Feb-2003,8.2773
19-Feb-2003,8.2775
20-Feb-2003,8.2775
21-Feb-2003,8.2775
24-Feb-2003,8.2775
25-Feb-2003,8.2775
26-Feb-2003,8.2774
27-Feb-2003,8.2774
28-Feb-2003,8.2775
3-Mar-2003,8.2775
4-Mar-2003,8.2773
5-Mar-2003,8.2775
6-Mar-2003,8.2775
7-Mar-2003,8.2774
10-Mar-2003,8.2772
11-Mar-2003,8.277
12-Mar-2003,8.277
13-Mar-2003,8.277
14-Mar-2003,8.277
17-Mar-2003,8.277
18-Mar-2003,8.2772
19-Mar-2003,8.2771
20-Mar-2003,8.2771
21-Mar-2003,8.2773
24-Mar-2003,8.2773
25-Mar-2003,8.2771
26-Mar-2003,8.2774
27-Mar-2003,8.2772
28-Mar-2003,8.2771
31-Mar-2003,8.2774
1-Apr-2003,8.2773
2-Apr-2003,8.277
3-Apr-2003,8.277
4-Apr-2003,8.277
7-Apr-2003,8.2772
8-Apr-2003,8.2772
9-Apr-2003,8.2774
10-Apr-2003,8.2773
11-Apr-2003,8.2772
14-Apr-2003,8.2774
15-Apr-2003,8.2772
16-Apr-2003,8.2772
17-Apr-2003,8.2771
18-Apr-2003,8.277
21-Apr-2003,8.2769
22-Apr-2003,8.277
23-Apr-2003,8.2772
24-Apr-2003,8.2772
25-Apr-2003,8.277
28-Apr-2003,8.277
29-Apr-2003,8.277
30-Apr-2003,8.2771
1-May-2003,8.2771
2-May-2003,8.2771
5-May-2003,8.2771
6-May-2003,8.277
7-May-2003,8.2769
8-May-2003,8.2768
9-May-2003,8.2768
12-May-2003,8.277
13-May-2003,8.277
14-May-2003,8.2769
15-May-2003,8.2768
16-May-2003,8.277
19-May-2003,8.2768
20-May-2003,8.2768
21-May-2003,8.2769
22-May-2003,8.2768
23-May-2003,8.2768
27-May-2003,8.2768
28-May-2003,8.277
29-May-2003,8.277
30-May-2003,8.2768
2-Jun-2003,8.2768
3-Jun-2003,8.2769
4-Jun-2003,8.277
5-Jun-2003,8.277
6-Jun-2003,8.277
9-Jun-2003,8.277
10-Jun-2003,8.2768
11-Jun-2003,8.277
12-Jun-2003,8.277
13-Jun-2003,8.2768
16-Jun-2003,8.2769
17-Jun-2003,8.2768
18-Jun-2003,8.2768
19-Jun-2003,8.277
20-Jun-2003,8.2772
23-Jun-2003,8.2773
24-Jun-2003,8.2773
25-Jun-2003,8.2775
26-Jun-2003,8.2775
27-Jun-2003,8.2774
30-Jun-2003,8.2774
1-Jul-2003,8.2774
2-Jul-2003,8.2775
3-Jul-2003,8.2775
7-Jul-2003,8.2773
8-Jul-2003,8.2773
9-Jul-2003,8.2773
10-Jul-2003,8.2773
11-Jul-2003,8.2772
14-Jul-2003,8.2771
15-Jul-2003,8.2771
16-Jul-2003,8.277
17-Jul-2003,8.277
18-Jul-2003,8.277
21-Jul-2003,8.2768
22-Jul-2003,8.277
23-Jul-2003,8.277
24-Jul-2003,8.2772
25-Jul-2003,8.2772
28-Jul-2003,8.2775
29-Jul-2003,8.2775
30-Jul-2003,8.2773
31-Jul-2003,8.2773
1-Aug-2003,8.2772
4-Aug-2003,8.2775
5-Aug-2003,8.2775
6-Aug-2003,8.2773
7-Aug-2003,8.2773
8-Aug-2003,8.2772
11-Aug-2003,8.2772
12-Aug-2003,8.277
13-Aug-2003,8.277
14-Aug-2003,8.277
15-Aug-2003,8.2768
18-Aug-2003,8.2768
19-Aug-2003,8.2767
20-Aug-2003,8.2768
21-Aug-2003,8.2766
22-Aug-2003,8.2766
25-Aug-2003,8.2768
26-Aug-2003,8.2768
27-Aug-2003,8.277
28-Aug-2003,8.2771
29-Aug-2003,8.2771
2-Sep-2003,8.277
3-Sep-2003,8.2768
4-Sep-2003,8.277
5-Sep-2003,8.277
8-Sep-2003,8.2769
9-Sep-2003,8.277
10-Sep-2003,8.277
11-Sep-2003,8.2772
12-Sep-2003,8.2772
15-Sep-2003,8.2774
16-Sep-2003,8.2774
17-Sep-2003,8.2775
18-Sep-2003,8.2775
22-Sep-2003,8.2773
23-Sep-2003,8.2772
24-Sep-2003,8.277
25-Sep-2003,8.277
26-Sep-2003,8.2773
29-Sep-2003,8.277
30-Sep-2003,8.277
1-Oct-2003,8.277
2-Oct-2003,8.277
3-Oct-2003,8.277
6-Oct-2003,8.277
7-Oct-2003,8.277
8-Oct-2003,8.2771
9-Oct-2003,8.2771
10-Oct-2003,8.277
14-Oct-2003,8.2767
15-Oct-2003,8.2767
16-Oct-2003,8.2766
17-Oct-2003,8.2766
20-Oct-2003,8.2766
21-Oct-2003,8.2765
22-Oct-2003,8.2766
23-Oct-2003,8.2766
24-Oct-2003,8.2768
27-Oct-2003,8.2767
28-Oct-2003,8.2766
29-Oct-2003,8.2766
30-Oct-2003,8.2767
31-Oct-2003,8.2766
3-Nov-2003,8.2766
4-Nov-2003,8.2767
5-Nov-2003,8.2767
6-Nov-2003,8.2769
7-Nov-2003,8.277
10-Nov-2003,8.277
11-Nov-2003,8.2769
12-Nov-2003,8.277
13-Nov-2003,8.277
14-Nov-2003,8.277
17-Nov-2003,8.2769
18-Nov-2003,8.2767
19-Nov-2003,8.2767
20-Nov-2003,8.2769
21-Nov-2003,8.277
24-Nov-2003,8.2771
25-Nov-2003,8.277
26-Nov-2003,8.2772
1-Dec-2003,8.2772
2-Dec-2003,8.2772
3-Dec-2003,8.2771
4-Dec-2003,8.277
5-Dec-2003,8.2769
8-Dec-2003,8.2771
9-Dec-2003,8.2771
10-Dec-2003,8.277
11-Dec-2003,8.2771
12-Dec-2003,8.2771
15-Dec-2003,8.2772
16-Dec-2003,8.2771
17-Dec-2003,8.2769
18-Dec-2003,8.2769
19-Dec-2003,8.277
22-Dec-2003,8.2769
23-Dec-2003,8.2769
24-Dec-2003,8.277
29-Dec-2003,8.2769
30-Dec-2003,8.2767
31-Dec-2003,8.2767
5-Jan-2004,8.277
6-Jan-2004,8.2771
7-Jan-2004,8.2772
8-Jan-2004,8.2772
9-Jan-2004,8.277
12-Jan-2004,8.277
13-Jan-2004,8.2768
14-Jan-2004,8.2768
15-Jan-2004,8.2767
16-Jan-2004,8.2767
20-Jan-2004,8.277
21-Jan-2004,8.2771
22-Jan-2004,8.2771
23-Jan-2004,8.2771
26-Jan-2004,8.2771
27-Jan-2004,8.2771
28-Jan-2004,8.2771
29-Jan-2004,8.277
30-Jan-2004,8.2768
2-Feb-2004,8.277
3-Feb-2004,8.2772
4-Feb-2004,8.2772
5-Feb-2004,8.2773
6-Feb-2004,8.2773
9-Feb-2004,8.2773
10-Feb-2004,8.2772
11-Feb-2004,8.2771
12-Feb-2004,8.2772
13-Feb-2004,8.277
17-Feb-2004,8.277
18-Feb-2004,8.277
19-Feb-2004,8.2771
20-Feb-2004,8.2772
23-Feb-2004,8.2772
24-Feb-2004,8.2771
25-Feb-2004,8.277
26-Feb-2004,8.277
27-Feb-2004,8.2769
1-Mar-2004,8.2768
2-Mar-2004,8.2768
3-Mar-2004,8.2768
4-Mar-2004,8.277
5-Mar-2004,8.2771
8-Mar-2004,8.2771
9-Mar-2004,8.2771
10-Mar-2004,8.2771
11-Mar-2004,8.2772
12-Mar-2004,8.2771
15-Mar-2004,8.2773
16-Mar-2004,8.2773
17-Mar-2004,8.2774
18-Mar-2004,8.2774
19-Mar-2004,8.2772
22-Mar-2004,8.2773
23-Mar-2004,8.2774
24-Mar-2004,8.2772
25-Mar-2004,8.2771
26-Mar-2004,8.277
29-Mar-2004,8.2771
30-Mar-2004,8.2771
31-Mar-2004,8.277
1-Apr-2004,8.2769
2-Apr-2004,8.2769
5-Apr-2004,8.2769
6-Apr-2004,8.2769
7-Apr-2004,8.2769
8-Apr-2004,8.2769
9-Apr-2004,8.2769
12-Apr-2004,8.277
13-Apr-2004,8.2769
14-Apr-2004,8.2772
15-Apr-2004,8.2771
16-Apr-2004,8.2769
19-Apr-2004,8.2768
20-Apr-2004,8.2768
21-Apr-2004,8.2769
22-Apr-2004,8.277
23-Apr-2004,8.2769
26-Apr-2004,8.2768
27-Apr-2004,8.2768
28-Apr-2004,8.2768
29-Apr-2004,8.2769
30-Apr-2004,8.2771
3-May-2004,8.2771
4-May-2004,8.2771
6-May-2004,8.2771
7-May-2004,8.2771
10-May-2004,8.2769
11-May-2004,8.2773
12-May-2004,8.2773
13-May-2004,8.2772
14-May-2004,8.2772
17-May-2004,8.2772
18-May-2004,8.2771
19-May-2004,8.2769
20-May-2004,8.2771
21-May-2004,8.2771
24-May-2004,8.2771
25-May-2004,8.2769
26-May-2004,8.2769
27-May-2004,8.2768
28-May-2004,8.2769
1-Jun-2004,8.2767
2-Jun-2004,8.2767
3-Jun-2004,8.2768
4-Jun-2004,8.2767
7-Jun-2004,8.2767
8-Jun-2004,8.2767
9-Jun-2004,8.2767
10-Jun-2004,8.2768
14-Jun-2004,8.2766
15-Jun-2004,8.2766
16-Jun-2004,8.2766
17-Jun-2004,8.2766
18-Jun-2004,8.2766
21-Jun-2004,8.2766
22-Jun-2004,8.2766
23-Jun-2004,8.2767
24-Jun-2004,8.2766
25-Jun-2004,8.2767
28-Jun-2004,8.2766
29-Jun-2004,8.2766
30-Jun-2004,8.2766
1-Jul-2004,8.2767
2-Jul-2004,8.2766
6-Jul-2004,8.2768
7-Jul-2004,8.2768
8-Jul-2004,8.2769
9-Jul-2004,8.2769
12-Jul-2004,8.2768
13-Jul-2004,8.2768
14-Jul-2004,8.2767
15-Jul-2004,8.2767
16-Jul-2004,8.2766
19-Jul-2004,8.2766
20-Jul-2004,8.2767
21-Jul-2004,8.2766
22-Jul-2004,8.2766
23-Jul-2004,8.2766
26-Jul-2004,8.2767
27-Jul-2004,8.2767
28-Jul-2004,8.2768
29-Jul-2004,8.2769
30-Jul-2004,8.2769
2-Aug-2004,8.277
3-Aug-2004,8.277
4-Aug-2004,8.277
5-Aug-2004,8.2769
6-Aug-2004,8.2769
9-Aug-2004,8.2769
10-Aug-2004,8.277
11-Aug-2004,8.2769
12-Aug-2004,8.2769
13-Aug-2004,8.2768
16-Aug-2004,8.2768
17-Aug-2004,8.2767
18-Aug-2004,8.2767
19-Aug-2004,8.2768
20-Aug-2004,8.2767
23-Aug-2004,8.2767
24-Aug-2004,8.2767
25-Aug-2004,8.2766
26-Aug-2004,8.2766
27-Aug-2004,8.2767
30-Aug-2004,8.2767
31-Aug-2004,8.2766
1-Sep-2004,8.2766
2-Sep-2004,8.2767
3-Sep-2004,8.2767
7-Sep-2004,8.2767
8-Sep-2004,8.2767
9-Sep-2004,8.2768
10-Sep-2004,8.2766
13-Sep-2004,8.2766
14-Sep-2004,8.2767
15-Sep-2004,8.2768
16-Sep-2004,8.2766
17-Sep-2004,8.2767
20-Sep-2004,8.2767
21-Sep-2004,8.2766
22-Sep-2004,8.2766
23-Sep-2004,8.2766
24-Sep-2004,8.2766
27-Sep-2004,8.2766
28-Sep-2004,8.2766
29-Sep-2004,8.2766
30-Sep-2004,8.2766
4-Oct-2004,8.2766
5-Oct-2004,8.2766
6-Oct-2004,8.2766
7-Oct-2004,8.2766
8-Oct-2004,8.2768
12-Oct-2004,8.2765
13-Oct-2004,8.2765
14-Oct-2004,8.2765
15-Oct-2004,8.2765
18-Oct-2004,8.2765
19-Oct-2004,8.2765
20-Oct-2004,8.2765
21-Oct-2004,8.2765
25-Oct-2004,8.2765
26-Oct-2004,8.2765
27-Oct-2004,8.2765
28-Oct-2004,8.2765
29-Oct-2004,8.2765
1-Nov-2004,8.2765
2-Nov-2004,8.2765
3-Nov-2004,8.2765
4-Nov-2004,8.2765
5-Nov-2004,8.2765
8-Nov-2004,8.2765
9-Nov-2004,8.2765
10-Nov-2004,8.2765
11-Nov-2004,8.2765
12-Nov-2004,8.2765
15-Nov-2004,8.2765
16-Nov-2004,8.2765
17-Nov-2004,8.2765
18-Nov-2004,8.2765
19-Nov-2004,8.2765
22-Nov-2004,8.2765
23-Nov-2004,8.2765
24-Nov-2004,8.2765
29-Nov-2004,8.2765
30-Nov-2004,8.2765
1-Dec-2004,8.2765
2-Dec-2004,8.2765
3-Dec-2004,8.2765
6-Dec-2004,8.2765
7-Dec-2004,8.2765
8-Dec-2004,8.2765
9-Dec-2004,8.2765
10-Dec-2004,8.2765
13-Dec-2004,8.2765
14-Dec-2004,8.2765
15-Dec-2004,8.2765
16-Dec-2004,8.2765
17-Dec-2004,8.2765
20-Dec-2004,8.2765
21-Dec-2004,8.2765
22-Dec-2004,8.2765
23-Dec-2004,8.2765
27-Dec-2004,8.2765
28-Dec-2004,8.2765
29-Dec-2004,8.2765
30-Dec-2004,8.2765
3-Jan-2005,8.2765
4-Jan-2005,8.2765
5-Jan-2005,8.2765
6-Jan-2005,8.2765
7-Jan-2005,8.2765
10-Jan-2005,8.2765
11-Jan-2005,8.2765
12-Jan-2005,8.2765
13-Jan-2005,8.2765
14-Jan-2005,8.2765
18-Jan-2005,8.2765
19-Jan-2005,8.2765
21-Jan-2005,8.2765
24-Jan-2005,8.2765
25-Jan-2005,8.2765
26-Jan-2005,8.2765
27-Jan-2005,8.2765
28-Jan-2005,8.2765
31-Jan-2005,8.2765
1-Feb-2005,8.2765
2-Feb-2005,8.2765
3-Feb-2005,8.2765
4-Feb-2005,8.2765
7-Feb-2005,8.2765
8-Feb-2005,8.2765
9-Feb-2005,8.2765
10-Feb-2005,8.2765
11-Feb-2005,8.2765
14-Feb-2005,8.2765
15-Feb-2005,8.2765
16-Feb-2005,8.2765
17-Feb-2005,8.2765
18-Feb-2005,8.2765
22-Feb-2005,8.2765
23-Feb-2005,8.2765
24-Feb-2005,8.2765
25-Feb-2005,8.2765
28-Feb-2005,8.2765
1-Mar-2005,8.2765
2-Mar-2005,8.2765
3-Mar-2005,8.2765
4-Mar-2005,8.2765
7-Mar-2005,8.2765
8-Mar-2005,8.2765
9-Mar-2005,8.2765
10-Mar-2005,8.2765
11-Mar-2005,8.2765
14-Mar-2005,8.2765
15-Mar-2005,8.2765
16-Mar-2005,8.2765
18-Mar-2005,8.2765
21-Mar-2005,8.2765
22-Mar-2005,8.2765
23-Mar-2005,8.2765
24-Mar-2005,8.2765
25-Mar-2005,8.2765
28-Mar-2005,8.2765
29-Mar-2005,8.2765
30-Mar-2005,8.2765
31-Mar-2005,8.2765
1-Apr-2005,8.2765
4-Apr-2005,8.2765
5-Apr-2005,8.2765
6-Apr-2005,8.2765
7-Apr-2005,8.2765
8-Apr-2005,8.2765
11-Apr-2005,8.2765
12-Apr-2005,8.2765
13-Apr-2005,8.2765
14-Apr-2005,8.2765
15-Apr-2005,8.2765
18-Apr-2005,8.2765
19-Apr-2005,8.2765
20-Apr-2005,8.2765
21-Apr-2005,8.2765
22-Apr-2005,8.2765
25-Apr-2005,8.2765
26-Apr-2005,8.2765
27-Apr-2005,8.2765
28-Apr-2005,8.2765
29-Apr-2005,8.2765
2-May-2005,8.2765
3-May-2005,8.2765
4-May-2005,8.2765
5-May-2005,8.2765
6-May-2005,8.2765
9-May-2005,8.2765
10-May-2005,8.2765
11-May-2005,8.2765
12-May-2005,8.2765
13-May-2005,8.2765
16-May-2005,8.2765
17-May-2005,8.2765
18-May-2005,8.2765
19-May-2005,8.2765
20-May-2005,8.2765
23-May-2005,8.2765
25-May-2005,8.2765
31-May-2005,8.2765
1-Jun-2005,8.2765
2-Jun-2005,8.2765
3-Jun-2005,8.2765
7-Jun-2005,8.2765
8-Jun-2005,8.2765
9-Jun-2005,8.2765
13-Jun-2005,8.2765
14-Jun-2005,8.2765
15-Jun-2005,8.2765
16-Jun-2005,8.2765
17-Jun-2005,8.2765
21-Jun-2005,8.2765
22-Jun-2005,8.2765
23-Jun-2005,8.2765
24-Jun-2005,8.2765
27-Jun-2005,8.2765
28-Jun-2005,8.2765
29-Jun-2005,8.2765
30-Jun-2005,8.2765
1-Jul-2005,8.2765
5-Jul-2005,8.2765
6-Jul-2005,8.2765
7-Jul-2005,8.2765
8-Jul-2005,8.2765
11-Jul-2005,8.2765
12-Jul-2005,8.2765
13-Jul-2005,8.2765
14-Jul-2005,8.2765
18-Jul-2005,8.2765
19-Jul-2005,8.2765
20-Jul-2005,8.2765
21-Jul-2005,8.2765
25-Jul-2005,8.1097
26-Jul-2005,8.1099
27-Jul-2005,8.1128
28-Jul-2005,8.108
29-Jul-2005,8.1056
1-Aug-2005,8.1046
2-Aug-2005,8.1032
3-Aug-2005,8.1051
4-Aug-2005,8.1027
5-Aug-2005,8.1037
8-Aug-2005,8.109
9-Aug-2005,8.107
10-Aug-2005,8.1062
11-Aug-2005,8.1002
12-Aug-2005,8.098
15-Aug-2005,8.0971
16-Aug-2005,8.1002
17-Aug-2005,8.0997
18-Aug-2005,8.1007
19-Aug-2005,8.1047
22-Aug-2005,8.1056
23-Aug-2005,8.1012
24-Aug-2005,8.1005
25-Aug-2005,8.1002
26-Aug-2005,8.0965
29-Aug-2005,8.0954
30-Aug-2005,8.0973
31-Aug-2005,8.0998
1-Sep-2005,8.0949
2-Sep-2005,8.0935
6-Sep-2005,8.0913
7-Sep-2005,8.0925
8-Sep-2005,8.0945
9-Sep-2005,8.0956
12-Sep-2005,8.0924
13-Sep-2005,8.094
14-Sep-2005,8.0912
15-Sep-2005,8.0887
16-Sep-2005,8.0871
19-Sep-2005,8.0908
20-Sep-2005,8.089
21-Sep-2005,8.0911
22-Sep-2005,8.0881
23-Sep-2005,8.091
26-Sep-2005,8.0929
27-Sep-2005,8.092
28-Sep-2005,8.0939
29-Sep-2005,8.093
30-Sep-2005,8.092
3-Oct-2005,8.092
4-Oct-2005,8.092
5-Oct-2005,8.092
6-Oct-2005,8.092
7-Oct-2005,8.092
11-Oct-2005,8.0879
12-Oct-2005,8.0895
13-Oct-2005,8.0885
14-Oct-2005,8.0896
17-Oct-2005,8.0877
18-Oct-2005,8.091
19-Oct-2005,8.0924
20-Oct-2005,8.0905
21-Oct-2005,8.0885
24-Oct-2005,8.0916
25-Oct-2005,8.0901
26-Oct-2005,8.0867
27-Oct-2005,8.0862
28-Oct-2005,8.084
31-Oct-2005,8.0845
1-Nov-2005,8.086
2-Nov-2005,8.0851
3-Nov-2005,8.0841
4-Nov-2005,8.0856
7-Nov-2005,8.0877
8-Nov-2005,8.0867
9-Nov-2005,8.0857
10-Nov-2005,8.0847
11-Nov-2005,8.0856
14-Nov-2005,8.0831
15-Nov-2005,8.0845
16-Nov-2005,8.0835
17-Nov-2005,8.0845
18-Nov-2005,8.0832
21-Nov-2005,8.0833
22-Nov-2005,8.0839
23-Nov-2005,8.0816
28-Nov-2005,8.0825
29-Nov-2005,8.0796
30-Nov-2005,8.0804
1-Dec-2005,8.0798
2-Dec-2005,8.0806
5-Dec-2005,8.0808
6-Dec-2005,8.078
7-Dec-2005,8.0771
8-Dec-2005,8.078
9-Dec-2005,8.0765
12-Dec-2005,8.077
13-Dec-2005,8.0751
14-Dec-2005,8.0746
15-Dec-2005,8.074
16-Dec-2005,8.0735
19-Dec-2005,8.073
20-Dec-2005,8.074
21-Dec-2005,8.0765
22-Dec-2005,8.0775
23-Dec-2005,8.0762
27-Dec-2005,8.074
28-Dec-2005,8.0725
29-Dec-2005,8.0709
30-Dec-2005,8.0702
4-Jan-2006,8.0702
5-Jan-2006,8.0678
6-Jan-2006,8.0675
9-Jan-2006,8.0665
10-Jan-2006,8.0691
11-Jan-2006,8.0705
12-Jan-2006,8.0685
13-Jan-2006,8.0698
17-Jan-2006,8.0676
18-Jan-2006,8.0704
19-Jan-2006,8.0687
20-Jan-2006,8.0648
23-Jan-2006,8.0645
24-Jan-2006,8.0625
25-Jan-2006,8.063
26-Jan-2006,8.062
27-Jan-2006,8.0608
31-Jan-2006,8.0608
6-Feb-2006,8.056
7-Feb-2006,8.0566
8-Feb-2006,8.0545
9-Feb-2006,8.0558
10-Feb-2006,8.0516
13-Feb-2006,8.0472
15-Feb-2006,8.0481
16-Feb-2006,8.0495
17-Feb-2006,8.0493
21-Feb-2006,8.0485
23-Feb-2006,8.049
24-Feb-2006,8.0432
27-Feb-2006,8.042
28-Feb-2006,8.0415
1-Mar-2006,8.039
2-Mar-2006,8.0394
3-Mar-2006,8.038
6-Mar-2006,8.0382
7-Mar-2006,8.0425
8-Mar-2006,8.0475
9-Mar-2006,8.048
10-Mar-2006,8.0492
13-Mar-2006,8.0503
14-Mar-2006,8.0475
15-Mar-2006,8.0388
16-Mar-2006,8.035
17-Mar-2006,8.0286
20-Mar-2006,8.025
21-Mar-2006,8.0272
22-Mar-2006,8.0306
23-Mar-2006,8.0296
24-Mar-2006,8.0338
27-Mar-2006,8.0245
28-Mar-2006,8.0212
29-Mar-2006,8.028
30-Mar-2006,8.027
31-Mar-2006,8.017
3-Apr-2006,8.021
4-Apr-2006,8.0194
5-Apr-2006,8.0116
6-Apr-2006,8.0098
7-Apr-2006,8.013
10-Apr-2006,8.004
11-Apr-2006,8.011
12-Apr-2006,8.012
13-Apr-2006,8.0248
14-Apr-2006,8.0163
17-Apr-2006,8.0158
18-Apr-2006,8.014
19-Apr-2006,8.0128
20-Apr-2006,8.0126
21-Apr-2006,8.021
24-Apr-2006,8.0185
25-Apr-2006,8.016
26-Apr-2006,8.022
27-Apr-2006,8.0205
28-Apr-2006,8.0165
8-May-2006,8.009
9-May-2006,8.0065
10-May-2006,8.0048
11-May-2006,8.0062
12-May-2006,8.0082
15-May-2006,7.9982
16-May-2006,8.015
17-May-2006,8.006
18-May-2006,8.018
19-May-2006,8.015
22-May-2006,8.0226
23-May-2006,8.0176
24-May-2006,8.023
25-May-2006,8.0268
26-May-2006,8.0216
30-May-2006,8.0284
31-May-2006,8.0188
1-Jun-2006,8.021
2-Jun-2006,8.0214
5-Jun-2006,8.0096
6-Jun-2006,8.0148
7-Jun-2006,8.0168
8-Jun-2006,8.0174
9-Jun-2006,8.018
12-Jun-2006,8.0161
13-Jun-2006,8.0073
14-Jun-2006,8.0051
15-Jun-2006,7.9999
16-Jun-2006,7.9976
19-Jun-2006,8.0018
20-Jun-2006,8.0036
21-Jun-2006,7.999
22-Jun-2006,7.9975
23-Jun-2006,8.0026
26-Jun-2006,8.0038
27-Jun-2006,7.9991
28-Jun-2006,7.9995
29-Jun-2006,8.0001
30-Jun-2006,7.9956
5-Jul-2006,7.9944
6-Jul-2006,7.996
7-Jul-2006,7.9936
10-Jul-2006,7.9908
11-Jul-2006,7.9925
12-Jul-2006,7.9916
13-Jul-2006,7.9948
14-Jul-2006,7.9956
17-Jul-2006,7.997
18-Jul-2006,8.0016
19-Jul-2006,8.0024
20-Jul-2006,7.9918
21-Jul-2006,7.9897
24-Jul-2006,7.9845
25-Jul-2006,7.987
26-Jul-2006,7.9877
27-Jul-2006,7.9808
28-Jul-2006,7.9792
31-Jul-2006,7.9732
1-Aug-2006,7.973
2-Aug-2006,7.972
3-Aug-2006,7.9762
4-Aug-2006,7.9772
7-Aug-2006,7.9699
8-Aug-2006,7.974
9-Aug-2006,7.9775
10-Aug-2006,7.9688
11-Aug-2006,7.9725
14-Aug-2006,7.9928
15-Aug-2006,7.995
16-Aug-2006,7.9827
17-Aug-2006,7.9748
18-Aug-2006,7.9736
21-Aug-2006,7.9698
22-Aug-2006,7.9672
23-Aug-2006,7.9703
24-Aug-2006,7.9708
25-Aug-2006,7.9715
28-Aug-2006,7.9719
29-Aug-2006,7.9669
30-Aug-2006,7.9598
31-Aug-2006,7.9585
1-Sep-2006,7.959
5-Sep-2006,7.9425
6-Sep-2006,7.9471
7-Sep-2006,7.9508
8-Sep-2006,7.9568
11-Sep-2006,7.9608
12-Sep-2006,7.9552
13-Sep-2006,7.9555
14-Sep-2006,7.9476
15-Sep-2006,7.9459
18-Sep-2006,7.9431
19-Sep-2006,7.9342
20-Sep-2006,7.9299
21-Sep-2006,7.9264
22-Sep-2006,7.9188
25-Sep-2006,7.9196
26-Sep-2006,7.915
27-Sep-2006,7.9072
28-Sep-2006,7.8998
29-Sep-2006,7.9087
9-Oct-2006,7.9103
10-Oct-2006,7.9128
11-Oct-2006,7.9164
12-Oct-2006,7.9174
13-Oct-2006,7.9116
16-Oct-2006,7.9148
17-Oct-2006,7.911
18-Oct-2006,7.9085
19-Oct-2006,7.909
20-Oct-2006,7.8995
23-Oct-2006,7.8998
24-Oct-2006,7.9049
25-Oct-2006,7.9007
26-Oct-2006,7.894
27-Oct-2006,7.8871
30-Oct-2006,7.8781
31-Oct-2006,7.8792
1-Nov-2006,7.872
2-Nov-2006,7.875
3-Nov-2006,7.8729
6-Nov-2006,7.8804
7-Nov-2006,7.8829
8-Nov-2006,7.8719
9-Nov-2006,7.8697
10-Nov-2006,7.8667
13-Nov-2006,7.8644
14-Nov-2006,7.8703
15-Nov-2006,7.8715
16-Nov-2006,7.8733
17-Nov-2006,7.8745
20-Nov-2006,7.869
21-Nov-2006,7.8695
22-Nov-2006,7.8655
27-Nov-2006,7.8402
28-Nov-2006,7.8487
29-Nov-2006,7.8394
30-Nov-2006,7.8436
1-Dec-2006,7.8331
4-Dec-2006,7.824
5-Dec-2006,7.8279
6-Dec-2006,7.8226
7-Dec-2006,7.8305
8-Dec-2006,7.8266
11-Dec-2006,7.8377
12-Dec-2006,7.8324
13-Dec-2006,7.8254
14-Dec-2006,7.8197
15-Dec-2006,7.8185
18-Dec-2006,7.8255
19-Dec-2006,7.827
20-Dec-2006,7.8198
21-Dec-2006,7.819
22-Dec-2006,7.8189
27-Dec-2006,7.823
28-Dec-2006,7.8149
29-Dec-2006,7.8087
4-Jan-2007,7.8073
5-Jan-2007,7.8097
8-Jan-2007,7.8135
9-Jan-2007,7.8078
10-Jan-2007,7.8081
11-Jan-2007,7.7977
12-Jan-2007,7.8012
16-Jan-2007,7.7895
17-Jan-2007,7.7798
18-Jan-2007,7.7758
19-Jan-2007,7.7788
22-Jan-2007,7.78
23-Jan-2007,7.7815
24-Jan-2007,7.7755
25-Jan-2007,7.7735
26-Jan-2007,7.7817
29-Jan-2007,7.7836
30-Jan-2007,7.7796
31-Jan-2007,7.7776
1-Feb-2007,7.7615
2-Feb-2007,7.7613
5-Feb-2007,7.764
6-Feb-2007,7.7595
7-Feb-2007,7.7496
8-Feb-2007,7.7526
9-Feb-2007,7.7575
12-Feb-2007,7.7632
13-Feb-2007,7.7662
14-Feb-2007,7.7552
15-Feb-2007,7.7502
16-Feb-2007,7.7408
26-Feb-2007,7.7498
27-Feb-2007,7.7471
28-Feb-2007,7.7409
1-Mar-2007,7.7472
2-Mar-2007,7.7453
5-Mar-2007,7.7403
6-Mar-2007,7.7453
7-Mar-2007,7.7436
8-Mar-2007,7.7386
9-Mar-2007,7.7436
12-Mar-2007,7.7474
13-Mar-2007,7.7397
14-Mar-2007,7.7387
15-Mar-2007,7.742
16-Mar-2007,7.739
19-Mar-2007,7.7351
20-Mar-2007,7.7395
21-Mar-2007,7.7355
22-Mar-2007,7.731
23-Mar-2007,7.7359
26-Mar-2007,7.7393
27-Mar-2007,7.7343
28-Mar-2007,7.7318
29-Mar-2007,7.7303
30-Mar-2007,7.7342
2-Apr-2007,7.7306
3-Apr-2007,7.7277
4-Apr-2007,7.7349
5-Apr-2007,7.7268
6-Apr-2007,7.7251
9-Apr-2007,7.729
10-Apr-2007,7.7304
11-Apr-2007,7.727
12-Apr-2007,7.7264
13-Apr-2007,7.7244
16-Apr-2007,7.722
17-Apr-2007,7.7308
18-Apr-2007,7.7238
19-Apr-2007,7.7199
20-Apr-2007,7.723
23-Apr-2007,7.729
24-Apr-2007,7.7293
25-Apr-2007,7.7203
26-Apr-2007,7.7199
27-Apr-2007,7.7139
30-Apr-2007,7.7055
4-May-2007,7.7055
8-May-2007,7.6951
9-May-2007,7.6971
10-May-2007,7.6965
11-May-2007,7.6835
14-May-2007,7.6739
15-May-2007,7.6948
16-May-2007,7.684
17-May-2007,7.6785
18-May-2007,7.6804
21-May-2007,7.6652
22-May-2007,7.6551
23-May-2007,7.654
24-May-2007,7.6525
25-May-2007,7.6523
29-May-2007,7.6538
30-May-2007,7.6488
31-May-2007,7.6506
1-Jun-2007,7.6497
4-Jun-2007,7.6522
5-Jun-2007,7.6427
6-Jun-2007,7.6398
7-Jun-2007,7.6502
8-Jun-2007,7.6656
11-Jun-2007,7.6785
12-Jun-2007,7.6475
13-Jun-2007,7.6282
14-Jun-2007,7.6258
15-Jun-2007,7.6238
18-Jun-2007,7.6213
19-Jun-2007,7.6195
20-Jun-2007,7.618
21-Jun-2007,7.6208
22-Jun-2007,7.6224
25-Jun-2007,7.6192
26-Jun-2007,7.6184
27-Jun-2007,7.6165
28-Jun-2007,7.6178
29-Jun-2007,7.6155
2-Jul-2007,7.6075
3-Jul-2007,7.5951
4-Jul-2007,7.606
6-Jul-2007,7.6135
9-Jul-2007,7.6085
10-Jul-2007,7.5845
11-Jul-2007,7.5712
12-Jul-2007,7.5762
13-Jul-2007,7.5731
16-Jul-2007,7.5681
17-Jul-2007,7.5651
18-Jul-2007,7.5661
19-Jul-2007,7.5636
20-Jul-2007,7.5712
23-Jul-2007,7.5642
24-Jul-2007,7.5725
25-Jul-2007,7.5596
26-Jul-2007,7.5789
27-Jul-2007,7.5697
30-Jul-2007,7.5824
31-Jul-2007,7.5737
1-Aug-2007,7.566
2-Aug-2007,7.5723
3-Aug-2007,7.5683
6-Aug-2007,7.5598
7-Aug-2007,7.569
8-Aug-2007,7.5759
9-Aug-2007,7.5648
10-Aug-2007,7.5698
13-Aug-2007,7.5787
14-Aug-2007,7.5845
15-Aug-2007,7.5921
16-Aug-2007,7.5981
17-Aug-2007,7.6003
20-Aug-2007,7.5973
21-Aug-2007,7.597
22-Aug-2007,7.5987
23-Aug-2007,7.5847
24-Aug-2007,7.5691
27-Aug-2007,7.5629
28-Aug-2007,7.5545
29-Aug-2007,7.5505
30-Aug-2007,7.5567
31-Aug-2007,7.5607
4-Sep-2007,7.5556
5-Sep-2007,7.5546
6-Sep-2007,7.541
7-Sep-2007,7.5411
10-Sep-2007,7.5252
11-Sep-2007,7.5298
12-Sep-2007,7.5263
13-Sep-2007,7.5169
14-Sep-2007,7.5222
17-Sep-2007,7.523
18-Sep-2007,7.5266
19-Sep-2007,7.517
20-Sep-2007,7.5175
21-Sep-2007,7.505
24-Sep-2007,7.5109
25-Sep-2007,7.5135
26-Sep-2007,7.5089
27-Sep-2007,7.5157
28-Sep-2007,7.5108
9-Oct-2007,7.5232
10-Oct-2007,7.5176
11-Oct-2007,7.5143
12-Oct-2007,7.5114
15-Oct-2007,7.5153
16-Oct-2007,7.5136
17-Oct-2007,7.5156
18-Oct-2007,7.5113
19-Oct-2007,7.5074
22-Oct-2007,7.5055
23-Oct-2007,7.501
24-Oct-2007,7.4938
25-Oct-2007,7.4867
26-Oct-2007,7.481
29-Oct-2007,7.4718
30-Oct-2007,7.472
31-Oct-2007,7.4692
1-Nov-2007,7.4552
2-Nov-2007,7.4624
5-Nov-2007,7.4562
6-Nov-2007,7.4577
7-Nov-2007,7.4476
8-Nov-2007,7.4251
9-Nov-2007,7.4162
12-Nov-2007,7.414
13-Nov-2007,7.4309
14-Nov-2007,7.4321
15-Nov-2007,7.4307
16-Nov-2007,7.4336
19-Nov-2007,7.4303
20-Nov-2007,7.4255
21-Nov-2007,7.415
22-Nov-2007,7.4119
23-Nov-2007,7.3992
26-Nov-2007,7.3942
27-Nov-2007,7.3872
28-Nov-2007,7.3899
29-Nov-2007,7.3983
30-Nov-2007,7.3997
3-Dec-2007,7.4143
4-Dec-2007,7.4094
5-Dec-2007,7.3982
6-Dec-2007,7.4205
7-Dec-2007,7.4091
10-Dec-2007,7.3953
11-Dec-2007,7.3797
12-Dec-2007,7.3647
13-Dec-2007,7.3568
14-Dec-2007,7.3589
17-Dec-2007,7.379
18-Dec-2007,7.3751
19-Dec-2007,7.3698
20-Dec-2007,7.3649
21-Dec-2007,7.3572
26-Dec-2007,7.3298
27-Dec-2007,7.3079
28-Dec-2007,7.3046
2-Jan-2008,7.2996
3-Jan-2008,7.2775
4-Jan-2008,7.2779
7-Jan-2008,7.2695
8-Jan-2008,7.2791
9-Jan-2008,7.2723
10-Jan-2008,7.2805
11-Jan-2008,7.2672
14-Jan-2008,7.2566
15-Jan-2008,7.2454
16-Jan-2008,7.2418
17-Jan-2008,7.2545
18-Jan-2008,7.2571
21-Jan-2008,7.2598
22-Jan-2008,7.2556
23-Jan-2008,7.235
24-Jan-2008,7.2293
25-Jan-2008,7.2065
28-Jan-2008,7.1996
29-Jan-2008,7.202
30-Jan-2008,7.1998
31-Jan-2008,7.1853
1-Feb-2008,7.1903
4-Feb-2008,7.1923
5-Feb-2008,7.1846
6-Feb-2008,7.1846
8-Feb-2008,7.1846
11-Feb-2008,7.1846
12-Feb-2008,7.1846
13-Feb-2008,7.1952
14-Feb-2008,7.189
15-Feb-2008,7.1763
18-Feb-2008,7.1667
19-Feb-2008,7.1574
20-Feb-2008,7.1452
21-Feb-2008,7.1503
22-Feb-2008,7.1463
25-Feb-2008,7.146
26-Feb-2008,7.1505
27-Feb-2008,7.1455
28-Feb-2008,7.1209
29-Feb-2008,7.1058
3-Mar-2008,7.1058
4-Mar-2008,7.1175
5-Mar-2008,7.1172
6-Mar-2008,7.1168
7-Mar-2008,7.109
10-Mar-2008,7.108
11-Mar-2008,7.1029
12-Mar-2008,7.1069
13-Mar-2008,7.097
14-Mar-2008,7.0882
17-Mar-2008,7.0815
18-Mar-2008,7.087
19-Mar-2008,7.0648
20-Mar-2008,7.0512
21-Mar-2008,7.0593
24-Mar-2008,7.0518
25-Mar-2008,7.0436
26-Mar-2008,7.0252
27-Mar-2008,7.013
28-Mar-2008,7.0137
31-Mar-2008,7.019
1-Apr-2008,7.0218
2-Apr-2008,7.0292
3-Apr-2008,7.0192
7-Apr-2008,7.002
8-Apr-2008,7.0015
9-Apr-2008,7.0025
10-Apr-2008,6.992
11-Apr-2008,7.0012
14-Apr-2008,6.9993
15-Apr-2008,6.9963
16-Apr-2008,7.0047
17-Apr-2008,6.9895
18-Apr-2008,7.0006
21-Apr-2008,7.0078
22-Apr-2008,6.9912
23-Apr-2008,6.9837
24-Apr-2008,6.989
25-Apr-2008,6.9949
28-Apr-2008,6.998
29-Apr-2008,6.9898
30-Apr-2008,7.0002
5-May-2008,7.0016
6-May-2008,6.9888
7-May-2008,6.9848
8-May-2008,7.001
9-May-2008,7.0005
12-May-2008,6.982
13-May-2008,6.9887
14-May-2008,6.9987
15-May-2008,7
16-May-2008,6.9895
19-May-2008,6.9712
20-May-2008,6.978
21-May-2008,6.9597
22-May-2008,6.9428
23-May-2008,6.9498
27-May-2008,6.9432
28-May-2008,6.9408
29-May-2008,6.9402
30-May-2008,6.9472
2-Jun-2008,6.9372
3-Jun-2008,6.9295
4-Jun-2008,6.9356
5-Jun-2008,6.9394
6-Jun-2008,6.9238
9-Jun-2008,6.9238
10-Jun-2008,6.9199
11-Jun-2008,6.9209
12-Jun-2008,6.9015
13-Jun-2008,6.9018
16-Jun-2008,6.9028
17-Jun-2008,6.8919
18-Jun-2008,6.8823
19-Jun-2008,6.8796
20-Jun-2008,6.8826
23-Jun-2008,6.8676
24-Jun-2008,6.8736
25-Jun-2008,6.8684
26-Jun-2008,6.8634
27-Jun-2008,6.861
30-Jun-2008,6.8591
1-Jul-2008,6.8608
2-Jul-2008,6.8621
3-Jul-2008,6.8529
4-Jul-2008,6.8639
7-Jul-2008,6.8567
8-Jul-2008,6.8581
9-Jul-2008,6.8632
10-Jul-2008,6.8489
11-Jul-2008,6.8397
14-Jul-2008,6.8266
15-Jul-2008,6.823
16-Jul-2008,6.8128
17-Jul-2008,6.8189
18-Jul-2008,6.8238
21-Jul-2008,6.8271
22-Jul-2008,6.8219
23-Jul-2008,6.8279
24-Jul-2008,6.8297
25-Jul-2008,6.8255
28-Jul-2008,6.8277
29-Jul-2008,6.8205
30-Jul-2008,6.8351
31-Jul-2008,6.8388
1-Aug-2008,6.8423
4-Aug-2008,6.8471
5-Aug-2008,6.8501
6-Aug-2008,6.8525
7-Aug-2008,6.8555
8-Aug-2008,6.8585
11-Aug-2008,6.8638
12-Aug-2008,6.8659
13-Aug-2008,6.8628
14-Aug-2008,6.863
15-Aug-2008,6.8649
18-Aug-2008,6.8665
19-Aug-2008,6.8599
20-Aug-2008,6.8529
21-Aug-2008,6.8518
22-Aug-2008,6.8357
25-Aug-2008,6.8397
26-Aug-2008,6.84
27-Aug-2008,6.8415
28-Aug-2008,6.8326
29-Aug-2008,6.8345
2-Sep-2008,6.8359
3-Sep-2008,6.8398
4-Sep-2008,6.841
5-Sep-2008,6.8436
8-Sep-2008,6.8455
9-Sep-2008,6.8399
10-Sep-2008,6.8406
11-Sep-2008,6.8457
12-Sep-2008,6.8458
16-Sep-2008,6.8203
17-Sep-2008,6.829
18-Sep-2008,6.8201
19-Sep-2008,6.8276
22-Sep-2008,6.8243
23-Sep-2008,6.8009
24-Sep-2008,6.8129
25-Sep-2008,6.8197
26-Sep-2008,6.8183
6-Oct-2008,6.8321
7-Oct-2008,6.8345
8-Oct-2008,6.8319
9-Oct-2008,6.831
10-Oct-2008,6.8327
13-Oct-2008,6.8287
14-Oct-2008,6.8278
15-Oct-2008,6.8272
16-Oct-2008,6.8295
17-Oct-2008,6.8311
20-Oct-2008,6.8297
21-Oct-2008,6.8309
22-Oct-2008,6.8339
23-Oct-2008,6.8368
24-Oct-2008,6.8357
27-Oct-2008,6.836
28-Oct-2008,6.8369
29-Oct-2008,6.8318
30-Oct-2008,6.827
31-Oct-2008,6.8258
3-Nov-2008,6.8288
4-Nov-2008,6.8261
5-Nov-2008,6.824
6-Nov-2008,6.8252
7-Nov-2008,6.8277
10-Nov-2008,6.8252
11-Nov-2008,6.8265
12-Nov-2008,6.8291
13-Nov-2008,6.8295
14-Nov-2008,6.8289
17-Nov-2008,6.8303
18-Nov-2008,6.828
19-Nov-2008,6.8293
20-Nov-2008,6.8307
21-Nov-2008,6.8317
24-Nov-2008,6.8304
25-Nov-2008,6.8284
26-Nov-2008,6.8272
27-Nov-2008,6.8292
28-Nov-2008,6.8349
1-Dec-2008,6.8505
2-Dec-2008,6.8527
3-Dec-2008,6.8502
4-Dec-2008,6.8502
5-Dec-2008,6.8482
8-Dec-2008,6.8509
9-Dec-2008,6.8479
10-Dec-2008,6.8475
11-Dec-2008,6.8471
12-Dec-2008,6.8451
15-Dec-2008,6.8442
16-Dec-2008,6.8433
17-Dec-2008,6.8353
18-Dec-2008,6.8322
19-Dec-2008,6.8357
22-Dec-2008,6.8377
23-Dec-2008,6.8389
24-Dec-2008,6.8397
26-Dec-2008,6.8362
29-Dec-2008,6.8357
30-Dec-2008,6.8353
31-Dec-2008,6.8346
5-Jan-2009,6.8367
6-Jan-2009,6.8384
7-Jan-2009,6.8389
8-Jan-2009,6.8375
9-Jan-2009,6.8363
12-Jan-2009,6.8382
13-Jan-2009,6.8395
14-Jan-2009,6.8399
15-Jan-2009,6.8392
16-Jan-2009,6.8383
19-Jan-2009,6.836
20-Jan-2009,6.8385
21-Jan-2009,6.8396
22-Jan-2009,6.8373
23-Jan-2009,6.838
2-Feb-2009,6.8397
3-Feb-2009,6.8398
4-Feb-2009,6.8348
5-Feb-2009,6.836
6-Feb-2009,6.8371
9-Feb-2009,6.8346
10-Feb-2009,6.833
11-Feb-2009,6.8337
12-Feb-2009,6.8327
13-Feb-2009,6.8334
17-Feb-2009,6.8352
18-Feb-2009,6.8363
19-Feb-2009,6.8369
20-Feb-2009,6.8357
23-Feb-2009,6.8337
24-Feb-2009,6.8358
25-Feb-2009,6.8361
26-Feb-2009,6.8371
27-Feb-2009,6.8379
2-Mar-2009,6.8389
3-Mar-2009,6.8392
4-Mar-2009,6.8395
5-Mar-2009,6.8365
6-Mar-2009,6.837
9-Mar-2009,6.8355
10-Mar-2009,6.8358
11-Mar-2009,6.8347
12-Mar-2009,6.8339
13-Mar-2009,6.8334
16-Mar-2009,6.8349
17-Mar-2009,6.8327
18-Mar-2009,6.8319
19-Mar-2009,6.8301
20-Mar-2009,6.8293
23-Mar-2009,6.8304
24-Mar-2009,6.8301
25-Mar-2009,6.8328
26-Mar-2009,6.8321
27-Mar-2009,6.8317
30-Mar-2009,6.834
31-Mar-2009,6.8359
1-Apr-2009,6.8349
2-Apr-2009,6.8341
3-Apr-2009,6.832
7-Apr-2009,6.834
8-Apr-2009,6.837
9-Apr-2009,6.8358
10-Apr-2009,6.8347
13-Apr-2009,6.8332
14-Apr-2009,6.8296
15-Apr-2009,6.8293
16-Apr-2009,6.8301
17-Apr-2009,6.8311
20-Apr-2009,6.8329
21-Apr-2009,6.8342
22-Apr-2009,6.8306
23-Apr-2009,6.8295
24-Apr-2009,6.8273
27-Apr-2009,6.8253
28-Apr-2009,6.8274
29-Apr-2009,6.8265
30-Apr-2009,6.825
4-May-2009,6.8225
5-May-2009,6.8201
6-May-2009,6.8232
7-May-2009,6.823
8-May-2009,6.8221
11-May-2009,6.822
12-May-2009,6.8242
13-May-2009,6.8235
14-May-2009,6.825
15-May-2009,6.8247
18-May-2009,6.8267
19-May-2009,6.826
20-May-2009,6.8251
21-May-2009,6.8245
22-May-2009,6.8239
26-May-2009,6.8285
27-May-2009,6.8324
1-Jun-2009,6.8317
2-Jun-2009,6.8309
3-Jun-2009,6.8302
4-Jun-2009,6.8325
5-Jun-2009,6.8334
8-Jun-2009,6.8365
9-Jun-2009,6.8366
10-Jun-2009,6.8336
11-Jun-2009,6.8348
12-Jun-2009,6.8325
15-Jun-2009,6.8343
16-Jun-2009,6.8368
17-Jun-2009,6.834
18-Jun-2009,6.8321
19-Jun-2009,6.8338
22-Jun-2009,6.8328
23-Jun-2009,6.8339
24-Jun-2009,6.8316
25-Jun-2009,6.8331
26-Jun-2009,6.8328
29-Jun-2009,6.8316
30-Jun-2009,6.8319
1-Jul-2009,6.8325
2-Jul-2009,6.8309
3-Jul-2009,6.8333
6-Jul-2009,6.833
7-Jul-2009,6.8326
8-Jul-2009,6.8336
9-Jul-2009,6.8325
10-Jul-2009,6.8313
13-Jul-2009,6.832
14-Jul-2009,6.8332
15-Jul-2009,6.8328
16-Jul-2009,6.8315
17-Jul-2009,6.831
20-Jul-2009,6.8321
21-Jul-2009,6.8311
22-Jul-2009,6.8309
23-Jul-2009,6.8307
24-Jul-2009,6.8318
27-Jul-2009,6.8316
28-Jul-2009,6.831
29-Jul-2009,6.8314
30-Jul-2009,6.8335
31-Jul-2009,6.8323
3-Aug-2009,6.831
4-Aug-2009,6.8303
5-Aug-2009,6.8306
6-Aug-2009,6.8304
7-Aug-2009,6.8316
10-Aug-2009,6.8346
11-Aug-2009,6.8352
12-Aug-2009,6.8351
13-Aug-2009,6.8343
14-Aug-2009,6.8328
17-Aug-2009,6.8333
18-Aug-2009,6.8339
19-Aug-2009,6.8329
20-Aug-2009,6.8318
21-Aug-2009,6.8313
24-Aug-2009,6.8309
25-Aug-2009,6.8311
26-Aug-2009,6.8313
27-Aug-2009,6.832
28-Aug-2009,6.8309
31-Aug-2009,6.8312
1-Sep-2009,6.8308
2-Sep-2009,6.8316
3-Sep-2009,6.8307
4-Sep-2009,6.831
7-Sep-2009,6.8305
8-Sep-2009,6.83
9-Sep-2009,6.8292
10-Sep-2009,6.8288
11-Sep-2009,6.8282
14-Sep-2009,6.828
15-Sep-2009,6.8284
16-Sep-2009,6.8281
17-Sep-2009,6.8272
18-Sep-2009,6.8271
21-Sep-2009,6.828
22-Sep-2009,6.8289
23-Sep-2009,6.8271
24-Sep-2009,6.828
25-Sep-2009,6.8287
28-Sep-2009,6.8279
29-Sep-2009,6.8288
30-Sep-2009,6.829
9-Oct-2009,6.827
13-Oct-2009,6.827
14-Oct-2009,6.8269
15-Oct-2009,6.8267
16-Oct-2009,6.827
19-Oct-2009,6.8275
20-Oct-2009,6.8273
21-Oct-2009,6.8278
22-Oct-2009,6.8272
23-Oct-2009,6.8275
26-Oct-2009,6.828
27-Oct-2009,6.8284
28-Oct-2009,6.8283
29-Oct-2009,6.8285
30-Oct-2009,6.8281
2-Nov-2009,6.8282
3-Nov-2009,6.8279
4-Nov-2009,6.828
5-Nov-2009,6.8277
6-Nov-2009,6.8276
9-Nov-2009,6.8273
10-Nov-2009,6.8268
11-Nov-2009,6.8267
12-Nov-2009,6.8268
13-Nov-2009,6.8273
16-Nov-2009,6.8272
17-Nov-2009,6.8271
18-Nov-2009,6.8275
19-Nov-2009,6.8274
20-Nov-2009,6.8278
23-Nov-2009,6.8279
24-Nov-2009,6.8276
25-Nov-2009,6.8275
26-Nov-2009,6.8268
27-Nov-2009,6.8269
30-Nov-2009,6.8272
1-Dec-2009,6.827
2-Dec-2009,6.8268
3-Dec-2009,6.827
4-Dec-2009,6.8272
7-Dec-2009,6.8278
8-Dec-2009,6.8277
9-Dec-2009,6.8279
10-Dec-2009,6.8276
11-Dec-2009,6.8277
14-Dec-2009,6.8279
15-Dec-2009,6.8278
16-Dec-2009,6.828
17-Dec-2009,6.8281
18-Dec-2009,6.8284
22-Dec-2009,6.8285
23-Dec-2009,6.8287
24-Dec-2009,6.8285
28-Dec-2009,6.8282
29-Dec-2009,6.8282
30-Dec-2009,6.8283
31-Dec-2009,6.8282
4-Jan-2010,6.8281
5-Jan-2010,6.8278
6-Jan-2010,6.8277
7-Jan-2010,6.8276
8-Jan-2010,6.8279
11-Jan-2010,6.8275
12-Jan-2010,6.8274
13-Jan-2010,6.8273
14-Jan-2010,6.8272
15-Jan-2010,6.8271
19-Jan-2010,6.827
20-Jan-2010,6.8273
21-Jan-2010,6.8272
22-Jan-2010,6.8271
25-Jan-2010,6.827
26-Jan-2010,6.8269
27-Jan-2010,6.827
28-Jan-2010,6.8271
29-Jan-2010,6.827
1-Feb-2010,6.8271
2-Feb-2010,6.8271
3-Feb-2010,6.8269
4-Feb-2010,6.827
5-Feb-2010,6.8272
8-Feb-2010,6.8273
9-Feb-2010,6.8271
10-Feb-2010,6.8269
11-Feb-2010,6.827
12-Feb-2010,6.8269
22-Feb-2010,6.8271
23-Feb-2010,6.827
24-Feb-2010,6.8271
25-Feb-2010,6.827
26-Feb-2010,6.8269
1-Mar-2010,6.8267
2-Mar-2010,6.8268
3-Mar-2010,6.8266
4-Mar-2010,6.8265
5-Mar-2010,6.8266
8-Mar-2010,6.8266
9-Mar-2010,6.8265
10-Mar-2010,6.8264
11-Mar-2010,6.8263
12-Mar-2010,6.8262
15-Mar-2010,6.8261
16-Mar-2010,6.8263
17-Mar-2010,6.8262
18-Mar-2010,6.8262
19-Mar-2010,6.8263
22-Mar-2010,6.8264
23-Mar-2010,6.8263
24-Mar-2010,6.8264
25-Mar-2010,6.8266
26-Mar-2010,6.8268
29-Mar-2010,6.8266
30-Mar-2010,6.8264
31-Mar-2010,6.8263
1-Apr-2010,6.8261
2-Apr-2010,6.826
6-Apr-2010,6.826
7-Apr-2010,6.8259
8-Apr-2010,6.8259
9-Apr-2010,6.826
12-Apr-2010,6.8259
13-Apr-2010,6.826
14-Apr-2010,6.8261
15-Apr-2010,6.826
16-Apr-2010,6.8261
19-Apr-2010,6.8262
20-Apr-2010,6.8263
21-Apr-2010,6.8264
22-Apr-2010,6.8263
23-Apr-2010,6.8264
26-Apr-2010,6.8263
27-Apr-2010,6.8262
28-Apr-2010,6.8264
29-Apr-2010,6.8265
30-Apr-2010,6.8263
4-May-2010,6.8265
5-May-2010,6.8267
6-May-2010,6.8269
7-May-2010,6.8271
10-May-2010,6.8269
11-May-2010,6.827
12-May-2010,6.8271
13-May-2010,6.8272
14-May-2010,6.8273
17-May-2010,6.8275
18-May-2010,6.8276
19-May-2010,6.8278
20-May-2010,6.8277
21-May-2010,6.8276
24-May-2010,6.8277
25-May-2010,6.8279
26-May-2010,6.828
27-May-2010,6.8281
28-May-2010,6.8279
1-Jun-2010,6.8279
2-Jun-2010,6.8281
3-Jun-2010,6.828
4-Jun-2010,6.8281
7-Jun-2010,6.8283
8-Jun-2010,6.8284
9-Jun-2010,6.8282
10-Jun-2010,6.8281
11-Jun-2010,6.8279
17-Jun-2010,6.8277
18-Jun-2010,6.8275
21-Jun-2010,6.8275
22-Jun-2010,6.798
23-Jun-2010,6.8102
24-Jun-2010,6.81
25-Jun-2010,6.7896
28-Jun-2010,6.789
29-Jun-2010,6.7901
30-Jun-2010,6.7909
1-Jul-2010,6.7858
2-Jul-2010,6.772
6-Jul-2010,6.779
7-Jul-2010,6.7781
8-Jul-2010,6.7768
9-Jul-2010,6.7753
12-Jul-2010,6.7718
13-Jul-2010,6.7802
14-Jul-2010,6.7755
15-Jul-2010,6.7741
16-Jul-2010,6.7718
19-Jul-2010,6.78
20-Jul-2010,6.7812
21-Jul-2010,6.7802
22-Jul-2010,6.7859
23-Jul-2010,6.779
26-Jul-2010,6.7778
27-Jul-2010,6.7742
28-Jul-2010,6.7785
29-Jul-2010,6.7787
30-Jul-2010,6.775
2-Aug-2010,6.7742
3-Aug-2010,6.7722
4-Aug-2010,6.7715
5-Aug-2010,6.7783
6-Aug-2010,6.773
9-Aug-2010,6.7685
10-Aug-2010,6.7745
11-Aug-2010,6.7768
12-Aug-2010,6.8015
13-Aug-2010,6.8035
16-Aug-2010,6.8064
17-Aug-2010,6.7979
18-Aug-2010,6.7895
19-Aug-2010,6.7898
20-Aug-2010,6.7884
23-Aug-2010,6.7989
24-Aug-2010,6.7999
25-Aug-2010,6.8007
26-Aug-2010,6.8041
27-Aug-2010,6.8001
30-Aug-2010,6.8025
31-Aug-2010,6.8105
1-Sep-2010,6.8126
2-Sep-2010,6.8003
3-Sep-2010,6.7973
8-Sep-2010,6.7907
9-Sep-2010,6.7817
10-Sep-2010,6.7625
13-Sep-2010,6.7509
14-Sep-2010,6.7378
15-Sep-2010,6.725
16-Sep-2010,6.7181
17-Sep-2010,6.7172
20-Sep-2010,6.711
21-Sep-2010,6.6997
27-Sep-2010,6.7098
28-Sep-2010,6.7051
29-Sep-2010,6.6936
30-Sep-2010,6.7011
8-Oct-2010,6.683
12-Oct-2010,6.6775
13-Oct-2010,6.6693
14-Oct-2010,6.6582
15-Oct-2010,6.6497
18-Oct-2010,6.6541
19-Oct-2010,6.6553
20-Oct-2010,6.6754
21-Oct-2010,6.6695
22-Oct-2010,6.6759
25-Oct-2010,6.6729
26-Oct-2010,6.6762
27-Oct-2010,6.6912
28-Oct-2010,6.6986
29-Oct-2010,6.6908
1-Nov-2010,6.6886
2-Nov-2010,6.6925
3-Nov-2010,6.6818
4-Nov-2010,6.6708
5-Nov-2010,6.661
8-Nov-2010,6.6692
9-Nov-2010,6.658
10-Nov-2010,6.645
11-Nov-2010,6.6242
12-Nov-2010,6.6239
15-Nov-2010,6.6303
16-Nov-2010,6.6441
17-Nov-2010,6.649
18-Nov-2010,6.6455
19-Nov-2010,6.6408
22-Nov-2010,6.6389
23-Nov-2010,6.6469
24-Nov-2010,6.6589
29-Nov-2010,6.67
30-Nov-2010,6.6762
1-Dec-2010,6.6786
2-Dec-2010,6.6691
3-Dec-2010,6.6605
6-Dec-2010,6.6515
7-Dec-2010,6.6565
8-Dec-2010,6.6616
9-Dec-2010,6.6654
10-Dec-2010,6.6604
13-Dec-2010,6.663
14-Dec-2010,6.6531
15-Dec-2010,6.6566
16-Dec-2010,6.6635
17-Dec-2010,6.6593
20-Dec-2010,6.6623
21-Dec-2010,6.6597
22-Dec-2010,6.6548
23-Dec-2010,6.6466
27-Dec-2010,6.6305
28-Dec-2010,6.6252
29-Dec-2010,6.6247
30-Dec-2010,6.6229
4-Jan-2011,6.6215
5-Jan-2011,6.6295
6-Jan-2011,6.6322
7-Jan-2011,6.6341
10-Jan-2011,6.6349
11-Jan-2011,6.6216
12-Jan-2011,6.6128
13-Jan-2011,6.5997
14-Jan-2011,6.5896
18-Jan-2011,6.5891
19-Jan-2011,6.5885
20-Jan-2011,6.5883
21-Jan-2011,6.5886
24-Jan-2011,6.5883
25-Jan-2011,6.5881
26-Jan-2011,6.5878
27-Jan-2011,6.5876
28-Jan-2011,6.593
31-Jan-2011,6.5891
1-Feb-2011,6.586
9-Feb-2011,6.585
10-Feb-2011,6.5849
11-Feb-2011,6.5952
14-Feb-2011,6.5985
15-Feb-2011,6.5929
16-Feb-2011,6.5855
17-Feb-2011,6.58
18-Feb-2011,6.5781
22-Feb-2011,6.5772
23-Feb-2011,6.5828
24-Feb-2011,6.5795
25-Feb-2011,6.5757
28-Feb-2011,6.5752
1-Mar-2011,6.5706
2-Mar-2011,6.5736
3-Mar-2011,6.5695
4-Mar-2011,6.5671
7-Mar-2011,6.5651
8-Mar-2011,6.5687
9-Mar-2011,6.5748
10-Mar-2011,6.5713
11-Mar-2011,6.575
14-Mar-2011,6.5701
15-Mar-2011,6.5679
16-Mar-2011,6.5718
17-Mar-2011,6.569
18-Mar-2011,6.5668
21-Mar-2011,6.5632
22-Mar-2011,6.5592
23-Mar-2011,6.5601
24-Mar-2011,6.5625
25-Mar-2011,6.558
28-Mar-2011,6.5618
29-Mar-2011,6.5625
30-Mar-2011,6.5586
31-Mar-2011,6.5564
1-Apr-2011,6.5527
6-Apr-2011,6.5496
7-Apr-2011,6.5456
8-Apr-2011,6.542
11-Apr-2011,6.5401
12-Apr-2011,6.544
13-Apr-2011,6.5369
14-Apr-2011,6.5339
18-Apr-2011,6.531
19-Apr-2011,6.5346
20-Apr-2011,6.5294
21-Apr-2011,6.5228
22-Apr-2011,6.5156
25-Apr-2011,6.5161
26-Apr-2011,6.5173
27-Apr-2011,6.5096
28-Apr-2011,6.5051
29-Apr-2011,6.499
3-May-2011,6.5002
4-May-2011,6.5013
5-May-2011,6.5025
6-May-2011,6.5003
9-May-2011,6.4988
10-May-2011,6.495
11-May-2011,6.4948
12-May-2011,6.5005
13-May-2011,6.5017
16-May-2011,6.5089
17-May-2011,6.5108
18-May-2011,6.5074
19-May-2011,6.5048
20-May-2011,6.4983
23-May-2011,6.4998
24-May-2011,6.5038
25-May-2011,6.4949
26-May-2011,6.4921
27-May-2011,6.4898
31-May-2011,6.4845
1-Jun-2011,6.4837
2-Jun-2011,6.4886
3-Jun-2011,6.4846
7-Jun-2011,6.4816
8-Jun-2011,6.4795
9-Jun-2011,6.483
10-Jun-2011,6.4853
13-Jun-2011,6.4892
14-Jun-2011,6.4822
15-Jun-2011,6.4796
16-Jun-2011,6.4803
17-Jun-2011,6.4716
20-Jun-2011,6.4696
21-Jun-2011,6.469
22-Jun-2011,6.4683
23-Jun-2011,6.4736
24-Jun-2011,6.4742
27-Jun-2011,6.475
28-Jun-2011,6.4723
29-Jun-2011,6.4718
30-Jun-2011,6.4716
1-Jul-2011,6.4685
5-Jul-2011,6.465
6-Jul-2011,6.4715
7-Jul-2011,6.4732
8-Jul-2011,6.4705
11-Jul-2011,6.4709
12-Jul-2011,6.4748
13-Jul-2011,6.4728
14-Jul-2011,6.464
15-Jul-2011,6.4665
18-Jul-2011,6.468
19-Jul-2011,6.4684
20-Jul-2011,6.4592
21-Jul-2011,6.4536
22-Jul-2011,6.4495
25-Jul-2011,6.4503
26-Jul-2011,6.447
27-Jul-2011,6.4426
28-Jul-2011,6.4438
29-Jul-2011,6.4442
1-Aug-2011,6.4399
2-Aug-2011,6.4419
4-Aug-2011,6.4386
5-Aug-2011,6.4451
8-Aug-2011,6.4305
9-Aug-2011,6.4335
10-Aug-2011,6.4167
11-Aug-2011,6.3991
12-Aug-2011,6.3972
15-Aug-2011,6.395
16-Aug-2011,6.3925
17-Aug-2011,6.3996
18-Aug-2011,6.3942
19-Aug-2011,6.4032
22-Aug-2011,6.3997
23-Aug-2011,6.3987
24-Aug-2011,6.3896
25-Aug-2011,6.3936
26-Aug-2011,6.395
29-Aug-2011,6.3883
30-Aug-2011,6.3849
31-Aug-2011,6.3867
1-Sep-2011,6.3859
2-Sep-2011,6.3896
6-Sep-2011,6.3946
7-Sep-2011,6.3968
8-Sep-2011,6.3889
9-Sep-2011,6.3922
13-Sep-2011,6.3982
14-Sep-2011,6.3945
15-Sep-2011,6.3878
16-Sep-2011,6.3797
19-Sep-2011,6.3848
20-Sep-2011,6.388
21-Sep-2011,6.3772
22-Sep-2011,6.3808
23-Sep-2011,6.384
26-Sep-2011,6.3735
27-Sep-2011,6.376
28-Sep-2011,6.3623
29-Sep-2011,6.3665
30-Sep-2011,6.3549
11-Oct-2011,6.3483
12-Oct-2011,6.3598
13-Oct-2011,6.3737
14-Oct-2011,6.3762
17-Oct-2011,6.371
18-Oct-2011,6.3749
19-Oct-2011,6.3727
20-Oct-2011,6.3652
21-Oct-2011,6.3628
24-Oct-2011,6.3549
25-Oct-2011,6.3425
26-Oct-2011,6.3456
27-Oct-2011,6.3477
28-Oct-2011,6.329
31-Oct-2011,6.3233
1-Nov-2011,6.3293
2-Nov-2011,6.3297
3-Nov-2011,6.3198
4-Nov-2011,6.3165
7-Nov-2011,6.3212
8-Nov-2011,6.3247
9-Nov-2011,6.3207
10-Nov-2011,6.3329
11-Nov-2011,6.3317
14-Nov-2011,6.3301
15-Nov-2011,6.3436
16-Nov-2011,6.3509
17-Nov-2011,6.3553
18-Nov-2011,6.3548
21-Nov-2011,6.3522
22-Nov-2011,6.3555
23-Nov-2011,6.3498
28-Nov-2011,6.3585
29-Nov-2011,6.3587
30-Nov-2011,6.3482
1-Dec-2011,6.3353
2-Dec-2011,6.331
5-Dec-2011,6.3349
6-Dec-2011,6.3334
7-Dec-2011,6.3342
8-Dec-2011,6.3319
9-Dec-2011,6.3352
12-Dec-2011,6.3297
13-Dec-2011,6.3359
14-Dec-2011,6.3396
15-Dec-2011,6.3421
16-Dec-2011,6.3352
19-Dec-2011,6.3303
20-Dec-2011,6.3351
21-Dec-2011,6.3248
22-Dec-2011,6.3253
23-Dec-2011,6.3209
27-Dec-2011,6.3152
28-Dec-2011,6.3146
29-Dec-2011,6.3157
30-Dec-2011,6.3009
4-Jan-2012,6.3001
5-Jan-2012,6.3115
6-Jan-2012,6.3166
9-Jan-2012,6.3236
10-Jan-2012,6.3171
11-Jan-2012,6.3155
12-Jan-2012,6.323
13-Jan-2012,6.3201
17-Jan-2012,6.325
18-Jan-2012,6.3205
19-Jan-2012,6.3173
20-Jan-2012,6.3138
30-Jan-2012,6.3056
31-Jan-2012,6.3115
1-Feb-2012,6.3103
2-Feb-2012,6.3075
3-Feb-2012,6.3102
6-Feb-2012,6.3108
7-Feb-2012,6.3116
8-Feb-2012,6.3027
9-Feb-2012,6.3009
10-Feb-2012,6.2937
13-Feb-2012,6.2939
14-Feb-2012,6.2947
15-Feb-2012,6.2958
16-Feb-2012,6.2991
17-Feb-2012,6.2951
21-Feb-2012,6.296
22-Feb-2012,6.2988
23-Feb-2012,6.3031
24-Feb-2012,6.2965
27-Feb-2012,6.2985
28-Feb-2012,6.2961
29-Feb-2012,6.2919
1-Mar-2012,6.3016
2-Mar-2012,6.298
5-Mar-2012,6.3121
6-Mar-2012,6.3141
7-Mar-2012,6.3213
8-Mar-2012,6.3235
9-Mar-2012,6.3073
12-Mar-2012,6.3282
13-Mar-2012,6.3259
14-Mar-2012,6.3328
15-Mar-2012,6.3359
16-Mar-2012,6.32
19-Mar-2012,6.3082
20-Mar-2012,6.3029
21-Mar-2012,6.3092
22-Mar-2012,6.3004
23-Mar-2012,6.2891
26-Mar-2012,6.2858
27-Mar-2012,6.284
28-Mar-2012,6.2912
29-Mar-2012,6.2932
30-Mar-2012,6.2943
5-Apr-2012,6.3035
6-Apr-2012,6.3072
9-Apr-2012,6.3021
10-Apr-2012,6.3048
11-Apr-2012,6.3018
12-Apr-2012,6.2984
13-Apr-2012,6.2879
16-Apr-2012,6.296
17-Apr-2012,6.2896
18-Apr-2012,6.2948
19-Apr-2012,6.3004
20-Apr-2012,6.3042
23-Apr-2012,6.297
24-Apr-2012,6.3003
25-Apr-2012,6.2923
26-Apr-2012,6.2829
27-Apr-2012,6.2787
2-May-2012,6.267
3-May-2012,6.2697
4-May-2012,6.2721
7-May-2012,6.2858
8-May-2012,6.2804
9-May-2012,6.2865
10-May-2012,6.2941
11-May-2012,6.2952
14-May-2012,6.304
15-May-2012,6.311
16-May-2012,6.3205
17-May-2012,6.3233
18-May-2012,6.3209
21-May-2012,6.3116
22-May-2012,6.3077
23-May-2012,6.3208
24-May-2012,6.3247
25-May-2012,6.326
29-May-2012,6.3262
30-May-2012,6.3297
31-May-2012,6.3355
1-Jun-2012,6.3308
4-Jun-2012,6.3276
5-Jun-2012,6.3225
6-Jun-2012,6.3261
7-Jun-2012,6.317
8-Jun-2012,6.3188
11-Jun-2012,6.3169
12-Jun-2012,6.3292
13-Jun-2012,6.3271
14-Jun-2012,6.3191
15-Jun-2012,6.3089
18-Jun-2012,6.3005
19-Jun-2012,6.3016
20-Jun-2012,6.3004
21-Jun-2012,6.304
25-Jun-2012,6.323
26-Jun-2012,6.3211
27-Jun-2012,6.3173
28-Jun-2012,6.319
29-Jun-2012,6.3249
2-Jul-2012,6.3146
3-Jul-2012,6.3178
5-Jul-2012,6.3193
6-Jul-2012,6.3249
9-Jul-2012,6.3293
10-Jul-2012,6.3195
11-Jul-2012,6.3209
12-Jul-2012,6.3215
13-Jul-2012,6.3247
16-Jul-2012,6.3208
17-Jul-2012,6.3167
18-Jul-2012,6.314
19-Jul-2012,6.3126
20-Jul-2012,6.3112
23-Jul-2012,6.327
24-Jul-2012,6.3339
25-Jul-2012,6.3429
26-Jul-2012,6.3381
27-Jul-2012,6.3325
30-Jul-2012,6.3303
31-Jul-2012,6.332
1-Aug-2012,6.3305
2-Aug-2012,6.3392
3-Aug-2012,6.3421
6-Aug-2012,6.3353
7-Aug-2012,6.3332
8-Aug-2012,6.3378
9-Aug-2012,6.3387
10-Aug-2012,6.3447
13-Aug-2012,6.3456
14-Aug-2012,6.3443
15-Aug-2012,6.3482
16-Aug-2012,6.3495
17-Aug-2012,6.3449
20-Aug-2012,6.3478
21-Aug-2012,6.3418
22-Aug-2012,6.3348
23-Aug-2012,6.3316
24-Aug-2012,6.3305
27-Aug-2012,6.3392
28-Aug-2012,6.3411
29-Aug-2012,6.3391
30-Aug-2012,6.3435
31-Aug-2012,6.3449
4-Sep-2012,6.3402
5-Sep-2012,6.346
6-Sep-2012,6.3439
7-Sep-2012,6.3412
10-Sep-2012,6.3375
11-Sep-2012,6.3391
12-Sep-2012,6.3355
13-Sep-2012,6.3338
14-Sep-2012,6.3317
17-Sep-2012,6.3295
18-Sep-2012,6.3353
19-Sep-2012,6.3392
20-Sep-2012,6.338
21-Sep-2012,6.3426
24-Sep-2012,6.3411
25-Sep-2012,6.343
26-Sep-2012,6.3443
27-Sep-2012,6.3459
28-Sep-2012,6.341
9-Oct-2012,6.3441
10-Oct-2012,6.3449
11-Oct-2012,6.3391
12-Oct-2012,6.3264
15-Oct-2012,6.3112
16-Oct-2012,6.3106
17-Oct-2012,6.3028
18-Oct-2012,6.3021
19-Oct-2012,6.3052
22-Oct-2012,6.3071
23-Oct-2012,6.3078
24-Oct-2012,6.3081
25-Oct-2012,6.3047
26-Oct-2012,6.301
31-Oct-2012,6.3002
1-Nov-2012,6.3017
2-Nov-2012,6.3045
5-Nov-2012,6.3082
6-Nov-2012,6.3078
7-Nov-2012,6.3067
8-Nov-2012,6.306
9-Nov-2012,6.3012
12-Nov-2012,6.292
13-Nov-2012,6.2891
14-Nov-2012,6.2881
15-Nov-2012,6.2905
16-Nov-2012,6.2945
19-Nov-2012,6.2975
20-Nov-2012,6.2926
21-Nov-2012,6.2908
26-Nov-2012,6.2884
27-Nov-2012,6.2852
28-Nov-2012,6.2902
29-Nov-2012,6.291
30-Nov-2012,6.2892
3-Dec-2012,6.2908
4-Dec-2012,6.2885
5-Dec-2012,6.2871
6-Dec-2012,6.2911
7-Dec-2012,6.293
10-Dec-2012,6.2922
11-Dec-2012,6.2906
12-Dec-2012,6.2883
13-Dec-2012,6.2887
14-Dec-2012,6.2923
17-Dec-2012,6.2892
18-Dec-2012,6.288
19-Dec-2012,6.2865
20-Dec-2012,6.2877
21-Dec-2012,6.2881
26-Dec-2012,6.2943
27-Dec-2012,6.2949
28-Dec-2012,6.2896
4-Jan-2013,6.2897
7-Jan-2013,6.2872
8-Jan-2013,6.2804
9-Jan-2013,6.2814
10-Jan-2013,6.2793
11-Jan-2013,6.2712
14-Jan-2013,6.2695
15-Jan-2013,6.2691
16-Jan-2013,6.2745
17-Jan-2013,6.2767
18-Jan-2013,6.2752
22-Jan-2013,6.2796
23-Jan-2013,6.2762
24-Jan-2013,6.2783
25-Jan-2013,6.2805
28-Jan-2013,6.2818
29-Jan-2013,6.2851
30-Jan-2013,6.2806
31-Jan-2013,6.2795
1-Feb-2013,6.2819
4-Feb-2013,6.286
5-Feb-2013,6.285
6-Feb-2013,6.2881
7-Feb-2013,6.2898
8-Feb-2013,6.2793
19-Feb-2013,6.2821
20-Feb-2013,6.2804
21-Feb-2013,6.2846
22-Feb-2013,6.2871
25-Feb-2013,6.2892
26-Feb-2013,6.2856
27-Feb-2013,6.2842
28-Feb-2013,6.2779
1-Mar-2013,6.2798
4-Mar-2013,6.2822
5-Mar-2013,6.2797
7-Mar-2013,6.2785
8-Mar-2013,6.2719
11-Mar-2013,6.2769
12-Mar-2013,6.2746
13-Mar-2013,6.2726
14-Mar-2013,6.2752
15-Mar-2013,6.2723
18-Mar-2013,6.2741
19-Mar-2013,6.2758
20-Mar-2013,6.2716
21-Mar-2013,6.2731
22-Mar-2013,6.2711
25-Mar-2013,6.2692
26-Mar-2013,6.2715
27-Mar-2013,6.2727
28-Mar-2013,6.2742
29-Mar-2013,6.2689
1-Apr-2013,6.2674
2-Apr-2013,6.2586
3-Apr-2013,6.2609
8-Apr-2013,6.265
9-Apr-2013,6.2639
10-Apr-2013,6.2548
11-Apr-2013,6.2578
12-Apr-2013,6.2506
15-Apr-2013,6.2454
16-Apr-2013,6.2408
17-Apr-2013,6.2342
18-Apr-2013,6.2416
19-Apr-2013,6.2395
22-Apr-2013,6.2415
23-Apr-2013,6.236
24-Apr-2013,6.2384
25-Apr-2013,6.23
26-Apr-2013,6.2208
2-May-2013,6.2082
3-May-2013,6.2152
6-May-2013,6.2114
7-May-2013,6.2083
8-May-2013,6.198
9-May-2013,6.1925
10-May-2013,6.2016
13-May-2013,6.2072
14-May-2013,6.2035
15-May-2013,6.207
16-May-2013,6.2096
17-May-2013,6.1997
20-May-2013,6.1998
21-May-2013,6.1911
22-May-2013,6.1904
23-May-2013,6.1947
24-May-2013,6.1867
28-May-2013,6.1818
29-May-2013,6.1856
30-May-2013,6.182
31-May-2013,6.1796
3-Jun-2013,6.1806
4-Jun-2013,6.1735
5-Jun-2013,6.1757
6-Jun-2013,6.1737
7-Jun-2013,6.162
13-Jun-2013,6.1612
14-Jun-2013,6.1607
17-Jun-2013,6.1598
18-Jun-2013,6.1651
19-Jun-2013,6.1677
20-Jun-2013,6.1698
21-Jun-2013,6.1766
24-Jun-2013,6.1807
25-Jun-2013,6.1767
26-Jun-2013,6.1779
27-Jun-2013,6.1797
28-Jun-2013,6.1787
1-Jul-2013,6.1805
2-Jul-2013,6.1773
3-Jul-2013,6.1803
8-Jul-2013,6.1807
9-Jul-2013,6.173
10-Jul-2013,6.1652
11-Jul-2013,6.1599
12-Jul-2013,6.1631
15-Jul-2013,6.1663
16-Jul-2013,6.1692
17-Jul-2013,6.1652
18-Jul-2013,6.172
19-Jul-2013,6.1751
22-Jul-2013,6.1721
23-Jul-2013,6.1702
24-Jul-2013,6.1695
25-Jul-2013,6.1759
26-Jul-2013,6.172
29-Jul-2013,6.1705
30-Jul-2013,6.177
31-Jul-2013,6.1788
1-Aug-2013,6.1778
2-Aug-2013,6.1817
5-Aug-2013,6.1767
6-Aug-2013,6.1753
7-Aug-2013,6.1726
8-Aug-2013,6.1703
9-Aug-2013,6.1668
12-Aug-2013,6.1665
13-Aug-2013,6.1705
14-Aug-2013,6.172
15-Aug-2013,6.1696
16-Aug-2013,6.1666
19-Aug-2013,6.169
20-Aug-2013,6.1697
21-Aug-2013,6.1675
22-Aug-2013,6.1698
23-Aug-2013,6.171
26-Aug-2013,6.168
27-Aug-2013,6.1688
28-Aug-2013,6.1667
29-Aug-2013,6.169
30-Aug-2013,6.1709
3-Sep-2013,6.1718
4-Sep-2013,6.1729
5-Sep-2013,6.1696
6-Sep-2013,6.1728
9-Sep-2013,6.1642
10-Sep-2013,6.1612
11-Sep-2013,6.1601
12-Sep-2013,6.1575
13-Sep-2013,6.1578
16-Sep-2013,6.1554
17-Sep-2013,6.1571
18-Sep-2013,6.1557
23-Sep-2013,6.1475
24-Sep-2013,6.1485
25-Sep-2013,6.1497
26-Sep-2013,6.1477
27-Sep-2013,6.1495
30-Sep-2013,6.148
2-Oct-2013,6.148
3-Oct-2013,6.148
4-Oct-2013,6.148
8-Oct-2013,6.1415
9-Oct-2013,6.143
10-Oct-2013,6.1452
11-Oct-2013,6.1458
15-Oct-2013,6.1412
16-Oct-2013,6.1408
17-Oct-2013,6.1431
18-Oct-2013,6.1372
21-Oct-2013,6.1352
22-Oct-2013,6.1395
23-Oct-2013,6.133
24-Oct-2013,6.1335
25-Oct-2013,6.1333
28-Oct-2013,6.1336
29-Oct-2013,6.1373
30-Oct-2013,6.1412
31-Oct-2013,6.1425
1-Nov-2013,6.1452
4-Nov-2013,6.1482
5-Nov-2013,6.1447
6-Nov-2013,6.1475
7-Nov-2013,6.145
8-Nov-2013,6.1355
11-Nov-2013,6.139
12-Nov-2013,6.136
13-Nov-2013,6.1342
14-Nov-2013,6.1315
15-Nov-2013,6.1351
18-Nov-2013,6.1332
19-Nov-2013,6.1317
20-Nov-2013,6.1305
21-Nov-2013,6.1366
22-Nov-2013,6.138
25-Nov-2013,6.1342
26-Nov-2013,6.1357
27-Nov-2013,6.133
2-Dec-2013,6.1329
3-Dec-2013,6.1352
4-Dec-2013,6.13
5-Dec-2013,6.131
6-Dec-2013,6.1232
9-Dec-2013,6.113
11-Dec-2013,6.11
12-Dec-2013,6.1115
13-Dec-2013,6.1148
16-Dec-2013,6.1124
17-Dec-2013,6.1108
18-Dec-2013,6.1105
19-Dec-2013,6.1183
20-Dec-2013,6.1196
23-Dec-2013,6.1161
24-Dec-2013,6.1145
26-Dec-2013,6.1156
27-Dec-2013,6.105
30-Dec-2013,6.1024
2-Jan-2014,6.099
3-Jan-2014,6.1039
6-Jan-2014,6.1059
7-Jan-2014,6.1042
8-Jan-2014,6.1079
9-Jan-2014,6.1109
10-Jan-2014,6.1008
13-Jan-2014,6.095
14-Jan-2014,6.093
15-Jan-2014,6.1005
16-Jan-2014,6.1065
17-Jan-2014,6.1041
22-Jan-2014,6.1087
23-Jan-2014,6.1107
24-Jan-2014,6.1035
27-Jan-2014,6.1022
28-Jan-2014,6.1053
29-Jan-2014,6.1073
30-Jan-2014,6.105
7-Feb-2014,6.1089
10-Feb-2014,6.1083
11-Feb-2014,6.1069
12-Feb-2014,6.1078
13-Feb-2014,6.11
14-Feb-2014,6.107
18-Feb-2014,6.1073
19-Feb-2014,6.1103
20-Feb-2014,6.1146
21-Feb-2014,6.1176
24-Feb-2014,6.1189
25-Feb-2014,6.1184
26-Feb-2014,6.1192
27-Feb-2014,6.1224
28-Feb-2014,6.1214
4-Mar-2014,6.1236
5-Mar-2014,6.1257
6-Mar-2014,6.1249
7-Mar-2014,6.1201
10-Mar-2014,6.1312
11-Mar-2014,6.1327
12-Mar-2014,6.1343
13-Mar-2014,6.132
14-Mar-2014,6.1346
18-Mar-2014,6.1341
19-Mar-2014,6.1351
20-Mar-2014,6.146
21-Mar-2014,6.1475
24-Mar-2014,6.1452
25-Mar-2014,6.1426
26-Mar-2014,6.144
27-Mar-2014,6.1465
28-Mar-2014,6.149
31-Mar-2014,6.1521
1-Apr-2014,6.1503
2-Apr-2014,6.1493
3-Apr-2014,6.152
4-Apr-2014,6.1557
8-Apr-2014,6.1527
9-Apr-2014,6.149
10-Apr-2014,6.151
11-Apr-2014,6.1495
14-Apr-2014,6.1531
15-Apr-2014,6.1571
16-Apr-2014,6.1589
17-Apr-2014,6.1575
18-Apr-2014,6.1586
22-Apr-2014,6.161
23-Apr-2014,6.1599
24-Apr-2014,6.1589
25-Apr-2014,6.1576
28-Apr-2014,6.1565
29-Apr-2014,6.1556
30-Apr-2014,6.158
5-May-2014,6.156
6-May-2014,6.1565
7-May-2014,6.1542
8-May-2014,6.1557
9-May-2014,6.1581
12-May-2014,6.1625
13-May-2014,6.1636
14-May-2014,6.1653
15-May-2014,6.164
16-May-2014,6.1628
19-May-2014,6.1636
20-May-2014,6.1626
21-May-2014,6.1645
22-May-2014,6.1658
23-May-2014,6.1681
27-May-2014,6.1687
28-May-2014,6.1694
29-May-2014,6.1705
30-May-2014,6.1695
2-Jun-2014,6.1695
3-Jun-2014,6.171
4-Jun-2014,6.1693
5-Jun-2014,6.1708
6-Jun-2014,6.1623
9-Jun-2014,6.1485
10-Jun-2014,6.1451
11-Jun-2014,6.1506
12-Jun-2014,6.1516
13-Jun-2014,6.1503
16-Jun-2014,6.1537
17-Jun-2014,6.1529
18-Jun-2014,6.1559
19-Jun-2014,6.1531
20-Jun-2014,6.1524
23-Jun-2014,6.1557
24-Jun-2014,6.1545
25-Jun-2014,6.1555
26-Jun-2014,6.1538
27-Jun-2014,6.1543
30-Jun-2014,6.1528
1-Jul-2014,6.1523
2-Jul-2014,6.1549
3-Jul-2014,6.1581
7-Jul-2014,6.1658
8-Jul-2014,6.1626
9-Jul-2014,6.1565
10-Jul-2014,6.1443
11-Jul-2014,6.1469
14-Jul-2014,6.1485
15-Jul-2014,6.149
16-Jul-2014,6.1535
17-Jul-2014,6.1564
18-Jul-2014,6.1568
21-Jul-2014,6.1547
22-Jul-2014,6.1544
23-Jul-2014,6.1572
24-Jul-2014,6.1579
25-Jul-2014,6.1597
28-Jul-2014,6.1622
29-Jul-2014,6.1615
30-Jul-2014,6.1645
31-Jul-2014,6.1675
1-Aug-2014,6.1681
4-Aug-2014,6.1661
5-Aug-2014,6.1655
6-Aug-2014,6.1681
7-Aug-2014,6.167
8-Aug-2014,6.1562
11-Aug-2014,6.1522
12-Aug-2014,6.1517
13-Aug-2014,6.1533
14-Aug-2014,6.1545
15-Aug-2014,6.1538
18-Aug-2014,6.1528
19-Aug-2014,6.1548
20-Aug-2014,6.158
21-Aug-2014,6.1632
22-Aug-2014,6.1617
25-Aug-2014,6.1653
26-Aug-2014,6.1663
27-Aug-2014,6.1658
28-Aug-2014,6.1638
29-Aug-2014,6.1647
2-Sep-2014,6.1684
3-Sep-2014,6.1697
4-Sep-2014,6.1666
5-Sep-2014,6.1707
9-Sep-2014,6.152
10-Sep-2014,6.1425
11-Sep-2014,6.1453
12-Sep-2014,6.1468
15-Sep-2014,6.1452
16-Sep-2014,6.1462
17-Sep-2014,6.145
18-Sep-2014,6.149
19-Sep-2014,6.1455
22-Sep-2014,6.1485
23-Sep-2014,6.147
24-Sep-2014,6.1462
25-Sep-2014,6.1497
26-Sep-2014,6.1508
29-Sep-2014,6.1539
30-Sep-2014,6.1525
8-Oct-2014,6.1493
9-Oct-2014,6.1461
10-Oct-2014,6.147
14-Oct-2014,6.1408
15-Oct-2014,6.1455
16-Oct-2014,6.1395
17-Oct-2014,6.1407
20-Oct-2014,6.1435
21-Oct-2014,6.141
22-Oct-2014,6.1437
23-Oct-2014,6.1459
24-Oct-2014,6.1467
27-Oct-2014,6.1446
28-Oct-2014,6.1421
29-Oct-2014,6.1405
30-Oct-2014,6.1457
31-Oct-2014,6.1461
3-Nov-2014,6.1525
4-Nov-2014,6.1543
5-Nov-2014,6.1503
6-Nov-2014,6.1565
7-Nov-2014,6.1602
10-Nov-2014,6.1377
11-Nov-2014,6.1413
12-Nov-2014,6.1428
13-Nov-2014,6.1418
14-Nov-2014,6.1399
17-Nov-2014,6.1409
18-Nov-2014,6.143
19-Nov-2014,6.1397
20-Nov-2014,6.1417
21-Nov-2014,6.1387
24-Nov-2014,6.142
25-Nov-2014,6.139
26-Nov-2014,6.1354
1-Dec-2014,6.1369
2-Dec-2014,6.1325
3-Dec-2014,6.1376
4-Dec-2014,6.1411
5-Dec-2014,6.1373
8-Dec-2014,6.1282
9-Dec-2014,6.1231
10-Dec-2014,6.1195
11-Dec-2014,6.1153
12-Dec-2014,6.1184
15-Dec-2014,6.1152
16-Dec-2014,6.1182
17-Dec-2014,6.1137
18-Dec-2014,6.1195
19-Dec-2014,6.1205
22-Dec-2014,6.122
23-Dec-2014,6.123
24-Dec-2014,6.1247
29-Dec-2014,6.1205
30-Dec-2014,6.1224
31-Dec-2014,6.119
5-Jan-2015,6.1248
6-Jan-2015,6.1256
7-Jan-2015,6.1269
8-Jan-2015,6.1302
9-Jan-2015,6.1296
12-Jan-2015,6.1233
13-Jan-2015,6.1195
14-Jan-2015,6.1205
15-Jan-2015,6.1193
16-Jan-2015,6.1188
20-Jan-2015,6.1226
21-Jan-2015,6.1268
22-Jan-2015,6.1247
23-Jan-2015,6.1342
26-Jan-2015,6.1384
27-Jan-2015,6.1364
28-Jan-2015,6.1282
29-Jan-2015,6.1335
30-Jan-2015,6.137
2-Feb-2015,6.1385
3-Feb-2015,6.1369
4-Feb-2015,6.1318
5-Feb-2015,6.1366
6-Feb-2015,6.1261
9-Feb-2015,6.1311
10-Feb-2015,6.1295
11-Feb-2015,6.1315
12-Feb-2015,6.1333
13-Feb-2015,6.1288
24-Feb-2015,6.133
25-Feb-2015,6.1384
26-Feb-2015,6.1379
27-Feb-2015,6.1475
2-Mar-2015,6.1513
3-Mar-2015,6.1543
4-Mar-2015,6.1525
6-Mar-2015,6.1533
9-Mar-2015,6.1563
10-Mar-2015,6.1572
11-Mar-2015,6.1597
12-Mar-2015,6.1617
13-Mar-2015,6.1588
16-Mar-2015,6.1615
17-Mar-2015,6.1585
18-Mar-2015,6.1556
19-Mar-2015,6.146
20-Mar-2015,6.1496
23-Mar-2015,6.1448
24-Mar-2015,6.1398
25-Mar-2015,6.141
26-Mar-2015,6.1375
27-Mar-2015,6.1397
30-Mar-2015,6.1402
31-Mar-2015,6.1422
1-Apr-2015,6.1434
2-Apr-2015,6.1396
3-Apr-2015,6.1348
7-Apr-2015,6.1305
8-Apr-2015,6.1345
9-Apr-2015,6.1338
10-Apr-2015,6.137
13-Apr-2015,6.1395
15-Apr-2015,6.134
16-Apr-2015,6.1305
20-Apr-2015,6.1255
21-Apr-2015,6.128
22-Apr-2015,6.129
23-Apr-2015,6.1281
24-Apr-2015,6.1241
27-Apr-2015,6.122
28-Apr-2015,6.1209
29-Apr-2015,6.1169
30-Apr-2015,6.1137
4-May-2015,6.1165
5-May-2015,6.118
6-May-2015,6.1156
7-May-2015,6.1113
8-May-2015,6.1147
11-May-2015,6.1132
12-May-2015,6.1155
13-May-2015,6.1123
14-May-2015,6.1093
15-May-2015,6.1085
18-May-2015,6.1079
19-May-2015,6.1098
20-May-2015,6.1125
21-May-2015,6.1139
22-May-2015,6.1131
26-May-2015,6.1172
27-May-2015,6.1198
28-May-2015,6.1202
29-May-2015,6.1196
1-Jun-2015,6.1207
2-Jun-2015,6.1225
3-Jun-2015,6.1176
4-Jun-2015,6.1164
5-Jun-2015,6.1181
8-Jun-2015,6.1205
9-Jun-2015,6.1179
10-Jun-2015,6.1173
11-Jun-2015,6.115
12-Jun-2015,6.1167
15-Jun-2015,6.1169
16-Jun-2015,6.1155
17-Jun-2015,6.1158
18-Jun-2015,6.1126
19-Jun-2015,6.1104
23-Jun-2015,6.1119
24-Jun-2015,6.1142
25-Jun-2015,6.1148
26-Jun-2015,6.1137
29-Jun-2015,6.1168
30-Jun-2015,6.1136
1-Jul-2015,6.1149
2-Jul-2015,6.1171
6-Jul-2015,6.1172
7-Jul-2015,6.1166
8-Jul-2015,6.1175
9-Jul-2015,6.1151
10-Jul-2015,6.1153
13-Jul-2015,6.1133
14-Jul-2015,6.1165
15-Jul-2015,6.1152
16-Jul-2015,6.1173
17-Jul-2015,6.1192
20-Jul-2015,6.1197
21-Jul-2015,6.1199
22-Jul-2015,6.1168
23-Jul-2015,6.1172
24-Jul-2015,6.1169
27-Jul-2015,6.1176
28-Jul-2015,6.1154
29-Jul-2015,6.115
30-Jul-2015,6.1165
31-Jul-2015,6.1172
3-Aug-2015,6.1169
4-Aug-2015,6.1177
5-Aug-2015,6.1186
6-Aug-2015,6.1181
7-Aug-2015,6.1174
10-Aug-2015,6.1162
11-Aug-2015,6.2298
12-Aug-2015,6.3306
13-Aug-2015,6.401
14-Aug-2015,6.3975
17-Aug-2015,6.3969
18-Aug-2015,6.3966
19-Aug-2015,6.3963
20-Aug-2015,6.3915
21-Aug-2015,6.3864
24-Aug-2015,6.3862
25-Aug-2015,6.3987
26-Aug-2015,6.4043
27-Aug-2015,6.4085
28-Aug-2015,6.3986
31-Aug-2015,6.3893
1-Sep-2015,6.3752
2-Sep-2015,6.3619
8-Sep-2015,6.3639
9-Sep-2015,6.3632
10-Sep-2015,6.3772
11-Sep-2015,6.3719
14-Sep-2015,6.3709
15-Sep-2015,6.3665
16-Sep-2015,6.3712
17-Sep-2015,6.367
18-Sep-2015,6.3607
21-Sep-2015,6.3676
22-Sep-2015,6.3721
23-Sep-2015,6.3773
24-Sep-2015,6.3791
25-Sep-2015,6.3785
28-Sep-2015,6.3729
29-Sep-2015,6.366
30-Sep-2015,6.3613
8-Oct-2015,6.3505
9-Oct-2015,6.3493
13-Oct-2015,6.3231
14-Oct-2015,6.3408
15-Oct-2015,6.3402
16-Oct-2015,6.3436
19-Oct-2015,6.3527
20-Oct-2015,6.3614
21-Oct-2015,6.3473
22-Oct-2015,6.3497
23-Oct-2015,6.3595
26-Oct-2015,6.3549
27-Oct-2015,6.3494
28-Oct-2015,6.3536
29-Oct-2015,6.3596
30-Oct-2015,6.3495
2-Nov-2015,6.3154
3-Nov-2015,6.331
4-Nov-2015,6.3343
5-Nov-2015,6.3381
6-Nov-2015,6.3459
9-Nov-2015,6.3578
10-Nov-2015,6.3602
11-Nov-2015,6.3614
12-Nov-2015,6.3628
13-Nov-2015,6.3655
16-Nov-2015,6.375
17-Nov-2015,6.374
18-Nov-2015,6.3796
19-Nov-2015,6.3791
20-Nov-2015,6.378
23-Nov-2015,6.3867
24-Nov-2015,6.3888
25-Nov-2015,6.3877
30-Nov-2015,6.3976
1-Dec-2015,6.3986
2-Dec-2015,6.3986
3-Dec-2015,6.3977
4-Dec-2015,6.3981
7-Dec-2015,6.4083
8-Dec-2015,6.4182
9-Dec-2015,6.4248
10-Dec-2015,6.4367
11-Dec-2015,6.4551
14-Dec-2015,6.4583
15-Dec-2015,6.4611
16-Dec-2015,6.4706
17-Dec-2015,6.482
18-Dec-2015,6.4813
21-Dec-2015,6.4809
22-Dec-2015,6.4783
23-Dec-2015,6.4765
24-Dec-2015,6.4783
28-Dec-2015,6.4869
29-Dec-2015,6.4874
30-Dec-2015,6.4902
31-Dec-2015,6.4915
4-Jan-2016,6.5126
5-Jan-2016,6.5196
6-Jan-2016,6.5523
7-Jan-2016,6.5937
8-Jan-2016,6.5888
11-Jan-2016,6.5848
12-Jan-2016,6.5766
13-Jan-2016,6.5769
14-Jan-2016,6.5883
15-Jan-2016,6.587
19-Jan-2016,6.5795
20-Jan-2016,6.5793
21-Jan-2016,6.5794
22-Jan-2016,6.5796
25-Jan-2016,6.5792
26-Jan-2016,6.5797
27-Jan-2016,6.5795
28-Jan-2016,6.5758
29-Jan-2016,6.5763
1-Feb-2016,6.5785
2-Feb-2016,6.5795
3-Feb-2016,6.5791
4-Feb-2016,6.578
5-Feb-2016,6.5696
16-Feb-2016,6.5118
17-Feb-2016,6.5254
18-Feb-2016,6.5185
19-Feb-2016,6.5201
22-Feb-2016,6.5193
23-Feb-2016,6.528
24-Feb-2016,6.5325
25-Feb-2016,6.5339
26-Feb-2016,6.5369
29-Feb-2016,6.5476
1-Mar-2016,6.5432
2-Mar-2016,6.5519
3-Mar-2016,6.5438
4-Mar-2016,6.524
7-Mar-2016,6.5149
8-Mar-2016,6.5043
9-Mar-2016,6.5147
10-Mar-2016,6.5158
11-Mar-2016,6.495
14-Mar-2016,6.495
15-Mar-2016,6.5092
16-Mar-2016,6.5213
17-Mar-2016,6.4958
18-Mar-2016,6.4699
21-Mar-2016,6.486
22-Mar-2016,6.4882
23-Mar-2016,6.4959
24-Mar-2016,6.5118
25-Mar-2016,6.5164
28-Mar-2016,6.5127
29-Mar-2016,6.511
30-Mar-2016,6.475
31-Mar-2016,6.4673
1-Apr-2016,6.4644
5-Apr-2016,6.4727
6-Apr-2016,6.4774
7-Apr-2016,6.4706
8-Apr-2016,6.478
11-Apr-2016,6.471
12-Apr-2016,6.4647
13-Apr-2016,6.4666
14-Apr-2016,6.4869
15-Apr-2016,6.4838
18-Apr-2016,6.4789
19-Apr-2016,6.4723
20-Apr-2016,6.4672
21-Apr-2016,6.4763
22-Apr-2016,6.4926
25-Apr-2016,6.5013
26-Apr-2016,6.4925
27-Apr-2016,6.4908
28-Apr-2016,6.4821
29-Apr-2016,6.4846
3-May-2016,6.4727
4-May-2016,6.4957
5-May-2016,6.5043
6-May-2016,6.5042
9-May-2016,6.5077
10-May-2016,6.5175
11-May-2016,6.5136
12-May-2016,6.51
13-May-2016,6.5192
16-May-2016,6.5235
17-May-2016,6.5201
18-May-2016,6.5326
19-May-2016,6.5411
20-May-2016,6.5443
23-May-2016,6.5502
24-May-2016,6.5544
25-May-2016,6.5592
26-May-2016,6.5601
27-May-2016,6.5613
31-May-2016,6.5847
1-Jun-2016,6.5894
2-Jun-2016,6.5779
3-Jun-2016,6.5852
6-Jun-2016,6.5652
7-Jun-2016,6.572
8-Jun-2016,6.5704
13-Jun-2016,6.5842
14-Jun-2016,6.5902
15-Jun-2016,6.5893
16-Jun-2016,6.584
17-Jun-2016,6.5885
20-Jun-2016,6.5813
21-Jun-2016,6.5766
22-Jun-2016,6.5832
23-Jun-2016,6.5827
24-Jun-2016,6.606
27-Jun-2016,6.6405
28-Jun-2016,6.6521
29-Jun-2016,6.6521
30-Jun-2016,6.6445
1-Jul-2016,6.6581
5-Jul-2016,6.6687
6-Jul-2016,6.6891
7-Jul-2016,6.6849
8-Jul-2016,6.688
11-Jul-2016,6.6882
12-Jul-2016,6.6887
13-Jul-2016,6.6911
14-Jul-2016,6.6879
15-Jul-2016,6.6828
18-Jul-2016,6.6988
19-Jul-2016,6.6921
20-Jul-2016,6.6839
21-Jul-2016,6.673
22-Jul-2016,6.6682
25-Jul-2016,6.679
26-Jul-2016,6.6765
27-Jul-2016,6.6685
28-Jul-2016,6.6574
29-Jul-2016,6.6532
1-Aug-2016,6.6379
2-Aug-2016,6.6414
3-Aug-2016,6.629
4-Aug-2016,6.6383
5-Aug-2016,6.6431
8-Aug-2016,6.6609
9-Aug-2016,6.6622
10-Aug-2016,6.6476
11-Aug-2016,6.6416
12-Aug-2016,6.6442
15-Aug-2016,6.6405
16-Aug-2016,6.629
17-Aug-2016,6.631
18-Aug-2016,6.6276
19-Aug-2016,6.6465
22-Aug-2016,6.6585
23-Aug-2016,6.6418
24-Aug-2016,6.6537
25-Aug-2016,6.6547
26-Aug-2016,6.6649
29-Aug-2016,6.6782
30-Aug-2016,6.6793
31-Aug-2016,6.6788
1-Sep-2016,6.6801
2-Sep-2016,6.6797
6-Sep-2016,6.6804
7-Sep-2016,6.6646
8-Sep-2016,6.6634
9-Sep-2016,6.6795
12-Sep-2016,6.6797
13-Sep-2016,6.6797
14-Sep-2016,6.6716
19-Sep-2016,6.6692
20-Sep-2016,6.6708
21-Sep-2016,6.6716
22-Sep-2016,6.6699
23-Sep-2016,6.6698
26-Sep-2016,6.6706
27-Sep-2016,6.6676
28-Sep-2016,6.6707
29-Sep-2016,6.6708
30-Sep-2016,6.6704
11-Oct-2016,6.7145
12-Oct-2016,6.7154
13-Oct-2016,6.726
14-Oct-2016,6.7249
17-Oct-2016,6.739
18-Oct-2016,6.739
19-Oct-2016,6.7395
20-Oct-2016,6.7396
21-Oct-2016,6.7572
24-Oct-2016,6.7687
25-Oct-2016,6.7772
26-Oct-2016,6.7682
27-Oct-2016,6.7777
28-Oct-2016,6.7796
31-Oct-2016,6.7699
1-Nov-2016,6.775
2-Nov-2016,6.7642
3-Nov-2016,6.7593
4-Nov-2016,6.7618
7-Nov-2016,6.7752
8-Nov-2016,6.777
9-Nov-2016,6.7725
10-Nov-2016,6.7919
11-Nov-2016,6.8148
14-Nov-2016,6.835
15-Nov-2016,6.8559
16-Nov-2016,6.8702
17-Nov-2016,6.8685
18-Nov-2016,6.8907
21-Nov-2016,6.8962
22-Nov-2016,6.8901
23-Nov-2016,6.8934
28-Nov-2016,6.903
29-Nov-2016,6.8916
30-Nov-2016,6.8858
1-Dec-2016,6.8941
2-Dec-2016,6.8791
5-Dec-2016,6.8886
6-Dec-2016,6.8752
7-Dec-2016,6.8907
8-Dec-2016,6.8802
9-Dec-2016,6.9
12-Dec-2016,6.9138
13-Dec-2016,6.9005
14-Dec-2016,6.9045
15-Dec-2016,6.9347
16-Dec-2016,6.9488
19-Dec-2016,6.9456
20-Dec-2016,6.9507
21-Dec-2016,6.9499
22-Dec-2016,6.9466
23-Dec-2016,6.9496
27-Dec-2016,6.9498
28-Dec-2016,6.9548
29-Dec-2016,6.9544
30-Dec-2016,6.9498
3-Jan-2017,6.9552
4-Jan-2017,6.9541
5-Jan-2017,6.8778
6-Jan-2017,6.9225
9-Jan-2017,6.9333
10-Jan-2017,6.9259
11-Jan-2017,6.9264
12-Jan-2017,6.9105
13-Jan-2017,6.8931
17-Jan-2017,6.8807
18-Jan-2017,6.8451
19-Jan-2017,6.8707
23-Jan-2017,6.8575
24-Jan-2017,6.8557
25-Jan-2017,6.8787
26-Jan-2017,6.8803
3-Feb-2017,6.8697
6-Feb-2017,6.8637
7-Feb-2017,6.8765
8-Feb-2017,6.8842
9-Feb-2017,6.8635
10-Feb-2017,6.8799
13-Feb-2017,6.8797
14-Feb-2017,6.8717
15-Feb-2017,6.8682
16-Feb-2017,6.8618
17-Feb-2017,6.8706
21-Feb-2017,6.8855
22-Feb-2017,6.8784
23-Feb-2017,6.8758
24-Feb-2017,6.8704
27-Feb-2017,6.8733
28-Feb-2017,6.8692
1-Mar-2017,6.8792
2-Mar-2017,6.8823
3-Mar-2017,6.903
6-Mar-2017,6.8967
7-Mar-2017,6.8995
8-Mar-2017,6.9041
9-Mar-2017,6.9134
10-Mar-2017,6.9169
13-Mar-2017,6.9062
14-Mar-2017,6.9194
15-Mar-2017,6.911
16-Mar-2017,6.8935
17-Mar-2017,6.9073
20-Mar-2017,6.905
21-Mar-2017,6.8982
22-Mar-2017,6.8856
23-Mar-2017,6.8879
24-Mar-2017,6.8937
27-Mar-2017,6.8752
28-Mar-2017,6.8846
29-Mar-2017,6.8899
30-Mar-2017,6.8928
31-Mar-2017,6.891
5-Apr-2017,6.8946
6-Apr-2017,6.8972
7-Apr-2017,6.899
10-Apr-2017,6.908
11-Apr-2017,6.9023
12-Apr-2017,6.8928
13-Apr-2017,6.8846
14-Apr-2017,6.8866
17-Apr-2017,6.8869
18-Apr-2017,6.8887
19-Apr-2017,6.8862
20-Apr-2017,6.8857
21-Apr-2017,6.8813
24-Apr-2017,6.8861
25-Apr-2017,6.8865
26-Apr-2017,6.8898
27-Apr-2017,6.8944
28-Apr-2017,6.8977
2-May-2017,6.8973
3-May-2017,6.8936
4-May-2017,6.8964
5-May-2017,6.8986
8-May-2017,6.9034
9-May-2017,6.9065
10-May-2017,6.9035
11-May-2017,6.9032
12-May-2017,6.9034
15-May-2017,6.898
16-May-2017,6.8934
17-May-2017,6.889
18-May-2017,6.8925
19-May-2017,6.8921
22-May-2017,6.8905
23-May-2017,6.8905
24-May-2017,6.8902
25-May-2017,6.8693
26-May-2017,6.857
31-May-2017,6.8289
1-Jun-2017,6.8002
2-Jun-2017,6.8166
5-Jun-2017,6.8028
6-Jun-2017,6.7962
7-Jun-2017,6.7936
8-Jun-2017,6.794
9-Jun-2017,6.7979
12-Jun-2017,6.7972
13-Jun-2017,6.7972
14-Jun-2017,6.7975
15-Jun-2017,6.7956
16-Jun-2017,6.812
19-Jun-2017,6.8177
20-Jun-2017,6.8321
21-Jun-2017,6.8287
22-Jun-2017,6.8308
23-Jun-2017,6.84
26-Jun-2017,6.838
27-Jun-2017,6.8277
28-Jun-2017,6.7992
29-Jun-2017,6.7789
30-Jun-2017,6.782
3-Jul-2017,6.7881
5-Jul-2017,6.7975
6-Jul-2017,6.804
7-Jul-2017,6.7995
10-Jul-2017,6.8027
11-Jul-2017,6.8002
12-Jul-2017,6.7887
13-Jul-2017,6.7807
14-Jul-2017,6.7814
17-Jul-2017,6.7747
18-Jul-2017,6.7582
19-Jul-2017,6.7566
20-Jul-2017,6.766
21-Jul-2017,6.767
24-Jul-2017,6.752
25-Jul-2017,6.7512
26-Jul-2017,6.7563
27-Jul-2017,6.7357
28-Jul-2017,6.7426
31-Jul-2017,6.7265
1-Aug-2017,6.7189
2-Aug-2017,6.7248
3-Aug-2017,6.7236
4-Aug-2017,6.7172
7-Aug-2017,6.7172
8-Aug-2017,6.7056
9-Aug-2017,6.6792
10-Aug-2017,6.6593
11-Aug-2017,6.6673
14-Aug-2017,6.6648
15-Aug-2017,6.6767
16-Aug-2017,6.695
17-Aug-2017,6.6685
18-Aug-2017,6.6804
21-Aug-2017,6.6707
22-Aug-2017,6.6549
23-Aug-2017,6.6621
24-Aug-2017,6.6614
25-Aug-2017,6.6646
28-Aug-2017,6.6408
29-Aug-2017,6.6014
30-Aug-2017,6.5822
31-Aug-2017,6.5957
1-Sep-2017,6.5769
5-Sep-2017,6.5465
6-Sep-2017,6.523
7-Sep-2017,6.4935
8-Sep-2017,6.4483
11-Sep-2017,6.5131
12-Sep-2017,6.534
13-Sep-2017,6.5284
14-Sep-2017,6.549
15-Sep-2017,6.5488
18-Sep-2017,6.5565
19-Sep-2017,6.5855
20-Sep-2017,6.5731
21-Sep-2017,6.5969
22-Sep-2017,6.5923
25-Sep-2017,6.6141
26-Sep-2017,6.6311
27-Sep-2017,6.6378
28-Sep-2017,6.672
29-Sep-2017,6.6481
10-Oct-2017,6.5942
11-Oct-2017,6.5783
12-Oct-2017,6.5852
13-Oct-2017,6.5864
16-Oct-2017,6.5858
17-Oct-2017,6.6135
18-Oct-2017,6.6231
19-Oct-2017,6.6204
20-Oct-2017,6.6157
23-Oct-2017,6.6361
24-Oct-2017,6.6364
25-Oct-2017,6.6427
26-Oct-2017,6.6324
27-Oct-2017,6.6515
30-Oct-2017,6.6502
31-Oct-2017,6.6285
1-Nov-2017,6.6154
2-Nov-2017,6.6026
3-Nov-2017,6.6246
6-Nov-2017,6.6358
7-Nov-2017,6.6319
8-Nov-2017,6.6373
9-Nov-2017,6.6341
10-Nov-2017,6.6449
13-Nov-2017,6.6456
14-Nov-2017,6.6402
15-Nov-2017,6.6339
16-Nov-2017,6.636
17-Nov-2017,6.6339
20-Nov-2017,6.6337
21-Nov-2017,6.6363
22-Nov-2017,6.6153
27-Nov-2017,6.6005
28-Nov-2017,6.602
29-Nov-2017,6.5964
30-Nov-2017,6.6073
1-Dec-2017,6.6075
4-Dec-2017,6.618
5-Dec-2017,6.6129
6-Dec-2017,6.6132
7-Dec-2017,6.6161
8-Dec-2017,6.6162
11-Dec-2017,6.617
12-Dec-2017,6.6221
13-Dec-2017,6.6206
14-Dec-2017,6.6108
15-Dec-2017,6.6069
18-Dec-2017,6.6131
19-Dec-2017,6.6121
20-Dec-2017,6.5851
21-Dec-2017,6.5815
22-Dec-2017,6.5764
26-Dec-2017,6.5433
27-Dec-2017,6.5554
28-Dec-2017,6.5312
29-Dec-2017,6.5116
2-Jan-2018,6.4959
3-Jan-2018,6.5018
4-Jan-2018,6.4966
5-Jan-2018,6.4846
8-Jan-2018,6.4923
9-Jan-2018,6.5165
10-Jan-2018,6.5249
11-Jan-2018,6.5057
12-Jan-2018,6.474
16-Jan-2018,6.4345
17-Jan-2018,6.4351
18-Jan-2018,6.4301
19-Jan-2018,6.4032
22-Jan-2018,6.405
23-Jan-2018,6.4004
24-Jan-2018,6.3918
25-Jan-2018,6.3388
26-Jan-2018,6.3205
29-Jan-2018,6.3255
30-Jan-2018,6.3361
31-Jan-2018,6.296
1-Feb-2018,6.3021
2-Feb-2018,6.2746
5-Feb-2018,6.2955
6-Feb-2018,6.2848
7-Feb-2018,6.2587
8-Feb-2018,6.323
9-Feb-2018,6.301
12-Feb-2018,6.3217
13-Feb-2018,6.346
14-Feb-2018,6.348
22-Feb-2018,6.3578
23-Feb-2018,6.3394
26-Feb-2018,6.3084
27-Feb-2018,6.3096
28-Feb-2018,6.3315
1-Mar-2018,6.3418
2-Mar-2018,6.3497
5-Mar-2018,6.3415
6-Mar-2018,6.3431
7-Mar-2018,6.3257
8-Mar-2018,6.3294
9-Mar-2018,6.3348
12-Mar-2018,6.3223
13-Mar-2018,6.3324
14-Mar-2018,6.3168
15-Mar-2018,6.3236
16-Mar-2018,6.3261
19-Mar-2018,6.331
20-Mar-2018,6.331
21-Mar-2018,6.3308
22-Mar-2018,6.3197
23-Mar-2018,6.3276
26-Mar-2018,6.2965
27-Mar-2018,6.2547
28-Mar-2018,6.2815
29-Mar-2018,6.2931
30-Mar-2018,6.2754
2-Apr-2018,6.2785
3-Apr-2018,6.287
4-Apr-2018,6.3025
9-Apr-2018,6.3091
10-Apr-2018,6.2949
11-Apr-2018,6.2831
12-Apr-2018,6.2809
13-Apr-2018,6.2874
16-Apr-2018,6.2821
17-Apr-2018,6.2785
18-Apr-2018,6.2845
19-Apr-2018,6.2769
20-Apr-2018,6.2879
23-Apr-2018,6.305
24-Apr-2018,6.3146
25-Apr-2018,6.3224
26-Apr-2018,6.3352
27-Apr-2018,6.3407
30-Apr-2018,6.3407
2-May-2018,6.3609
3-May-2018,6.3561
4-May-2018,6.354
7-May-2018,6.3645
8-May-2018,6.3676
9-May-2018,6.3803
10-May-2018,6.366
11-May-2018,6.3438
14-May-2018,6.3367
15-May-2018,6.3558
16-May-2018,6.3688
17-May-2018,6.3655
18-May-2018,6.3733
21-May-2018,6.3919
22-May-2018,6.3686
23-May-2018,6.3889
24-May-2018,6.3866
25-May-2018,6.3907
29-May-2018,6.4162
30-May-2018,6.4217
31-May-2018,6.402
1-Jun-2018,6.4164
4-Jun-2018,6.4145
5-Jun-2018,6.4034
6-Jun-2018,6.3942
7-Jun-2018,6.3937
8-Jun-2018,6.4091
11-Jun-2018,6.4022
12-Jun-2018,6.4026
13-Jun-2018,6.4048
14-Jun-2018,6.392
15-Jun-2018,6.4144
19-Jun-2018,6.4668
20-Jun-2018,6.468
21-Jun-2018,6.4999
22-Jun-2018,6.499
25-Jun-2018,6.5342
26-Jun-2018,6.5528
27-Jun-2018,6.5954
28-Jun-2018,6.6257
29-Jun-2018,6.6248
2-Jul-2018,6.6561
3-Jul-2018,6.6637
5-Jul-2018,6.6416
6-Jul-2018,6.6506
9-Jul-2018,6.6201
10-Jul-2018,6.6169
11-Jul-2018,6.6535
12-Jul-2018,6.6683
13-Jul-2018,6.6809
16-Jul-2018,6.6928
17-Jul-2018,6.677
18-Jul-2018,6.7112
19-Jul-2018,6.761
20-Jul-2018,6.7819
23-Jul-2018,6.7798
24-Jul-2018,6.8123
25-Jul-2018,6.7837
26-Jul-2018,6.7776
27-Jul-2018,6.8138
30-Jul-2018,6.8246
31-Jul-2018,6.8309
1-Aug-2018,6.8056
2-Aug-2018,6.8269
3-Aug-2018,6.8905
6-Aug-2018,6.8403
7-Aug-2018,6.8412
8-Aug-2018,6.824
9-Aug-2018,6.8254
10-Aug-2018,6.8554
13-Aug-2018,6.8803
14-Aug-2018,6.8821
15-Aug-2018,6.9058
16-Aug-2018,6.9132
17-Aug-2018,6.8885
20-Aug-2018,6.8529
21-Aug-2018,6.8404
22-Aug-2018,6.8455
23-Aug-2018,6.8714
24-Aug-2018,6.8825
27-Aug-2018,6.8175
28-Aug-2018,6.81
29-Aug-2018,6.8255
30-Aug-2018,6.835
31-Aug-2018,6.8314
4-Sep-2018,6.8306
5-Sep-2018,6.842
6-Sep-2018,6.8378
7-Sep-2018,6.8373
10-Sep-2018,6.8595
11-Sep-2018,6.8618
12-Sep-2018,6.87
13-Sep-2018,6.8495
14-Sep-2018,6.8478
17-Sep-2018,6.8692
18-Sep-2018,6.8632
19-Sep-2018,6.8529
20-Sep-2018,6.8534
21-Sep-2018,6.8407
25-Sep-2018,6.8671
26-Sep-2018,6.8765
27-Sep-2018,6.8771
28-Sep-2018,6.8814
9-Oct-2018,6.9239
10-Oct-2018,6.919
11-Oct-2018,6.9282
12-Oct-2018,6.9152
15-Oct-2018,6.9275
16-Oct-2018,6.9189
17-Oct-2018,6.9272
18-Oct-2018,6.9377
19-Oct-2018,6.933
22-Oct-2018,6.9354
23-Oct-2018,6.9395
24-Oct-2018,6.9385
25-Oct-2018,6.9481
26-Oct-2018,6.9381
29-Oct-2018,6.953
30-Oct-2018,6.963
31-Oct-2018,6.9717
1-Nov-2018,6.9533
2-Nov-2018,6.8965
5-Nov-2018,6.9275
6-Nov-2018,6.9239
7-Nov-2018,6.9298
8-Nov-2018,6.9283
9-Nov-2018,6.9465
12-Nov-2018,6.9636
13-Nov-2018,6.952
14-Nov-2018,6.9498
15-Nov-2018,6.9377
16-Nov-2018,6.9503
19-Nov-2018,6.9393
20-Nov-2018,6.9424
21-Nov-2018,6.9425
26-Nov-2018,6.938
27-Nov-2018,6.9504
28-Nov-2018,6.9564
29-Nov-2018,6.9443
30-Nov-2018,6.9433
3-Dec-2018,6.8904
4-Dec-2018,6.8452
5-Dec-2018,6.8681
6-Dec-2018,6.8816
7-Dec-2018,6.8827
10-Dec-2018,6.907
11-Dec-2018,6.9001
12-Dec-2018,6.888
13-Dec-2018,6.8678
14-Dec-2018,6.8948
17-Dec-2018,6.8999
18-Dec-2018,6.8986
19-Dec-2018,6.8973
20-Dec-2018,6.9003
21-Dec-2018,6.8977
26-Dec-2018,6.8765
27-Dec-2018,6.8905
28-Dec-2018,6.853
2-Jan-2019,6.8557
3-Jan-2019,6.8744
4-Jan-2019,6.8647
7-Jan-2019,6.8498
8-Jan-2019,6.86
9-Jan-2019,6.8353
10-Jan-2019,6.7899
11-Jan-2019,6.7468
14-Jan-2019,6.7644
15-Jan-2019,6.753
16-Jan-2019,6.7615
17-Jan-2019,6.767
18-Jan-2019,6.7725
22-Jan-2019,6.8064
23-Jan-2019,6.7887
24-Jan-2019,6.795
25-Jan-2019,6.7621
28-Jan-2019,6.7371
29-Jan-2019,6.7374
30-Jan-2019,6.7123
31-Jan-2019,6.7064
1-Feb-2019,6.7355
11-Feb-2019,6.7776
12-Feb-2019,6.7781
13-Feb-2019,6.7594
14-Feb-2019,6.7668
15-Feb-2019,6.7787
19-Feb-2019,6.7726
20-Feb-2019,6.7241
21-Feb-2019,6.7144
22-Feb-2019,6.72
25-Feb-2019,6.6982
26-Feb-2019,6.6991
27-Feb-2019,6.6858
28-Feb-2019,6.6883
1-Mar-2019,6.7015
4-Mar-2019,6.6957
5-Mar-2019,6.7029
6-Mar-2019,6.7105
7-Mar-2019,6.709
8-Mar-2019,6.7243
11-Mar-2019,6.7245
12-Mar-2019,6.712
13-Mar-2019,6.711
14-Mar-2019,6.7174
15-Mar-2019,6.716
18-Mar-2019,6.7124
19-Mar-2019,6.7168
20-Mar-2019,6.7054
21-Mar-2019,6.6837
22-Mar-2019,6.7014
25-Mar-2019,6.7129
26-Mar-2019,6.7134
27-Mar-2019,6.7238
28-Mar-2019,6.7282
29-Mar-2019,6.7211
1-Apr-2019,6.712
2-Apr-2019,6.721
3-Apr-2019,6.7075
4-Apr-2019,6.7179
8-Apr-2019,6.7192
9-Apr-2019,6.7136
10-Apr-2019,6.7161
11-Apr-2019,6.717
12-Apr-2019,6.7185
15-Apr-2019,6.706
16-Apr-2019,6.7071
17-Apr-2019,6.6908
18-Apr-2019,6.7002
19-Apr-2019,6.7043
22-Apr-2019,6.713
23-Apr-2019,6.7191
24-Apr-2019,6.7191
25-Apr-2019,6.7372
26-Apr-2019,6.7367
29-Apr-2019,6.7326
30-Apr-2019,6.7411
6-May-2019,6.7692
7-May-2019,6.764
8-May-2019,6.77
9-May-2019,6.8127
10-May-2019,6.8089
13-May-2019,6.8673
14-May-2019,6.8856
15-May-2019,6.8683
16-May-2019,6.885
17-May-2019,6.9114
20-May-2019,6.9125
21-May-2019,6.912
22-May-2019,6.9129
23-May-2019,6.915
24-May-2019,6.9048
28-May-2019,6.9109
29-May-2019,6.9155
30-May-2019,6.9055
31-May-2019,6.9035
3-Jun-2019,6.9062
4-Jun-2019,6.9123
5-Jun-2019,6.9104
6-Jun-2019,6.914
10-Jun-2019,6.9342
11-Jun-2019,6.9166
12-Jun-2019,6.9129
13-Jun-2019,6.9208
14-Jun-2019,6.9239
17-Jun-2019,6.9245
18-Jun-2019,6.9296
19-Jun-2019,6.9047
20-Jun-2019,6.8474
21-Jun-2019,6.8764
24-Jun-2019,6.882
25-Jun-2019,6.8791
26-Jun-2019,6.8866
27-Jun-2019,6.8777
28-Jun-2019,6.8668
1-Jul-2019,6.8433
2-Jul-2019,6.8735
3-Jul-2019,6.886
5-Jul-2019,6.8782
8-Jul-2019,6.8845
9-Jul-2019,6.881
10-Jul-2019,6.8845
11-Jul-2019,6.8662
12-Jul-2019,6.8785
15-Jul-2019,6.8742
16-Jul-2019,6.8758
17-Jul-2019,6.8797
18-Jul-2019,6.8774
19-Jul-2019,6.8743
22-Jul-2019,6.8793
23-Jul-2019,6.8783
24-Jul-2019,6.8795
25-Jul-2019,6.8726
26-Jul-2019,6.879
29-Jul-2019,6.8921
30-Jul-2019,6.8831
31-Jul-2019,6.8834
1-Aug-2019,6.9003
2-Aug-2019,6.9363
5-Aug-2019,7.033
6-Aug-2019,7.0354
7-Aug-2019,7.0402
8-Aug-2019,7.0452
9-Aug-2019,7.052
12-Aug-2019,7.067
13-Aug-2019,7.0657
14-Aug-2019,7.0125
15-Aug-2019,7.0258
16-Aug-2019,7.0459
19-Aug-2019,7.0473
20-Aug-2019,7.0626
21-Aug-2019,7.0601
22-Aug-2019,7.0785
23-Aug-2019,7.0864
26-Aug-2019,7.1471
27-Aug-2019,7.1646
28-Aug-2019,7.1666
29-Aug-2019,7.1541
30-Aug-2019,7.1401
3-Sep-2019,7.1773
4-Sep-2019,7.1553
5-Sep-2019,7.1431
6-Sep-2019,7.1225
9-Sep-2019,7.1337
10-Sep-2019,7.102
11-Sep-2019,7.1159
12-Sep-2019,7.0847
16-Sep-2019,7.0659
17-Sep-2019,7.0913
18-Sep-2019,7.091
19-Sep-2019,7.0969
20-Sep-2019,7.0881
23-Sep-2019,7.1213
24-Sep-2019,7.1052
25-Sep-2019,7.1238
26-Sep-2019,7.131
27-Sep-2019,7.1234
30-Sep-2019,7.1292
8-Oct-2019,7.1264
9-Oct-2019,7.1379
10-Oct-2019,7.1247
11-Oct-2019,7.0999
15-Oct-2019,7.0785
16-Oct-2019,7.099
17-Oct-2019,7.0881
18-Oct-2019,7.0783
21-Oct-2019,7.0749
22-Oct-2019,7.0762
23-Oct-2019,7.0769
24-Oct-2019,7.0659
25-Oct-2019,7.0715
28-Oct-2019,7.0594
29-Oct-2019,7.0601
30-Oct-2019,7.0575
31-Oct-2019,7.0378
1-Nov-2019,7.0396
4-Nov-2019,7.0258
5-Nov-2019,7.0046
6-Nov-2019,7.0002
7-Nov-2019,6.9947
8-Nov-2019,6.9845
11-Nov-2019,7.0107
12-Nov-2019,7.0021
13-Nov-2019,7.0163
14-Nov-2019,7.015
15-Nov-2019,7.0124
18-Nov-2019,7.0142
19-Nov-2019,7.0258
20-Nov-2019,7.0305
21-Nov-2019,7.0391
22-Nov-2019,7.0346
25-Nov-2019,7.0333
26-Nov-2019,7.0355
27-Nov-2019,7.0291
2-Dec-2019,7.0421
3-Dec-2019,7.0468
4-Dec-2019,7.0721
5-Dec-2019,7.0426
6-Dec-2019,7.0311
9-Dec-2019,7.0382
10-Dec-2019,7.0366
11-Dec-2019,7.0396
12-Dec-2019,7.0314
13-Dec-2019,6.9851
16-Dec-2019,7.0023
17-Dec-2019,7.0018
18-Dec-2019,7.0041
19-Dec-2019,7.0075
20-Dec-2019,7.0093
23-Dec-2019,7.0124
26-Dec-2019,7.0008
27-Dec-2019,6.9996
30-Dec-2019,6.987
2-Jan-2020,6.967
3-Jan-2020,6.9741
6-Jan-2020,6.9755
7-Jan-2020,6.9453
8-Jan-2020,6.9394
9-Jan-2020,6.9285
10-Jan-2020,6.9323
13-Jan-2020,6.8996
14-Jan-2020,6.8831
15-Jan-2020,6.8865
16-Jan-2020,6.8877
17-Jan-2020,6.8581
21-Jan-2020,6.9058
22-Jan-2020,6.9019
23-Jan-2020,6.9307
3-Feb-2020,7.0213
4-Feb-2020,6.9935
5-Feb-2020,7.0011
6-Feb-2020,6.9701
7-Feb-2020,6.9849
10-Feb-2020,6.9825
11-Feb-2020,6.9749
12-Feb-2020,6.973
13-Feb-2020,6.9815
14-Feb-2020,6.9833
18-Feb-2020,7.002
19-Feb-2020,6.9929
20-Feb-2020,7.0102
21-Feb-2020,7.039
24-Feb-2020,7.0335
25-Feb-2020,7.0142
26-Feb-2020,7.0223
27-Feb-2020,7.0128
28-Feb-2020,7.0006
